User_ID,Group,Session_Date,Existing_Cart_Value,Prompted_Product_Price,Added_Product,Total_Order_Value,Conversion,Time_Spent_on_Checkout_Page,Device_Type,Returning_Customer
1,Show Prompt,2024-01-01 00:00:00,52.77,33.30762942366704,0,34.8,1,55.13801783375487,Mobile,0
2,No Prompt,2024-01-01 01:00:00,111.74,79.25522347809955,0,117.39,1,145.0,Mobile,1
3,No Prompt,2024-01-01 02:00:00,164.49,26.46944873793874,0,177.69,1,5.020883475648168,Mobile,0
4,No Prompt,2024-01-01 03:00:00,148.64,1.0,0,135.02,1,1.740192568264422,Mobile,0
5,Show Prompt,2024-01-01 04:00:00,158.39,41.79520413826617,0,160.9,1,117.0,Desktop,0
6,Show Prompt,2024-01-01 05:00:00,119.42,6.263631860339302,0,136.91,1,1.4263873510364116,Desktop,1
7,Show Prompt,2024-01-01 06:00:00,134.85,73.21707961656224,0,140.33,0,177.0,Mobile,1
8,No Prompt,2024-01-01 07:00:00,176.37,14.495917029513755,0,171.51,0,3.737134859715398,Mobile,1
9,No Prompt,2024-01-01 08:00:00,50.45,13.262596191543135,0,54.96,1,165.0,Mobile,0
10,No Prompt,2024-01-01 09:00:00,98.85,54.35098804493085,0,107.24,1,141.0,Desktop,0
11,Show Prompt,2024-01-01 10:00:00,49.81,34.787750780676355,1,98.61,0,1.0269988927462164,Desktop,1
12,No Prompt,2024-01-01 11:00:00,196.65,54.35764561671135,0,191.07,1,57.0,Mobile,0
13,No Prompt,2024-01-01 12:00:00,184.99,46.45660530270619,0,193.83,0,161.0,Mobile,1
14,Show Prompt,2024-01-01 13:00:00,5.38,14.631598752419716,1,34.79,0,129.0,Mobile,1
15,Show Prompt,2024-01-01 14:00:00,136.03,80.41203361853348,0,139.22,1,41.0,Mobile,1
16,Show Prompt,2024-01-01 15:00:00,181.75,13.914922605213604,0,178.68,1,2.1395810265546173,Mobile,0
17,Show Prompt,2024-01-01 16:00:00,40.12,39.784715023388245,0,36.77,1,138.0,Desktop,0
18,No Prompt,2024-01-01 17:00:00,118.53,52.35384377161196,0,287.42,1,223.24173074154407,Desktop,0
19,Show Prompt,2024-01-01 18:00:00,184.43,81.48344751463742,0,182.58,0,76.0,Mobile,1
20,Show Prompt,2024-01-01 19:00:00,16.07,58.930705996695,0,14.67,1,54.0,Desktop,0
21,No Prompt,2024-01-01 20:00:00,142.42,28.495688362039186,0,143.1,0,178.86235053388774,Desktop,0
22,Show Prompt,2024-01-01 21:00:00,73.37,48.67285105957656,0,60.74,1,144.0,Mobile,0
23,Show Prompt,2024-01-01 22:00:00,182.61,76.14544995915088,0,179.43,1,4.222106559067778,Mobile,0
24,Show Prompt,2024-01-01 23:00:00,190.52,57.97507001229201,0,201.9,1,95.48290893162428,Desktop,1
26,No Prompt,2024-01-02 01:00:00,100.93,20.39907550945998,0,95.87,1,112.96569507403436,Desktop,0
27,Show Prompt,2024-01-02 02:00:00,177.15,57.23945128231932,0,172.65,1,4.222106559067778,Tablet,0
28,No Prompt,2024-01-02 03:00:00,172.27,25.835678386285007,0,171.87,0,40.0,Desktop,1
29,No Prompt,2024-01-02 04:00:00,68.89,39.218861822448496,0,74.75,1,47.06903961418098,Desktop,0
30,Show Prompt,2024-01-02 05:00:00,160.09,40.36242835206549,0,159.7,1,142.0,Desktop,1
31,No Prompt,2024-01-02 06:00:00,13.46,48.22168662530376,0,12.22,1,80.0,Desktop,1
32,Show Prompt,2024-01-02 07:00:00,130.27,11.74511557093006,0,125.13,0,73.0,Mobile,0
33,Show Prompt,2024-01-02 08:00:00,49.7,48.69400632925995,0,51.54,1,45.0,Mobile,0
34,No Prompt,2024-01-02 09:00:00,33.15,22.45229104820085,0,39.43,1,133.13814062296908,Mobile,1
35,No Prompt,2024-01-02 10:00:00,22.34,10.664728328821088,0,29.71,0,84.0,Desktop,0
36,No Prompt,2024-01-02 11:00:00,135.29,41.2748292116349,0,145.93,0,160.03473468821534,Mobile,0
37,Show Prompt,2024-01-02 12:00:00,71.07,39.52454016483408,0,79.22,1,2.653080472927725,Mobile,0
38,Show Prompt,2024-01-02 13:00:00,152.47,21.79858196013421,1,196.6,1,1.0269988927462164,Mobile,0
39,No Prompt,2024-01-02 14:00:00,29.37,49.529374793979855,0,23.56,1,140.0,Desktop,1
40,Show Prompt,2024-01-02 15:00:00,67.03,52.525592040107554,1,90.26,1,42.0,Tablet,1
41,Show Prompt,2024-01-02 16:00:00,116.83,29.38917847229499,0,121.22,0,4.393273041192147,Tablet,1
42,Show Prompt,2024-01-02 17:00:00,162.12,44.52217463036397,0,167.96,1,90.0,Mobile,0
43,Show Prompt,2024-01-02 18:00:00,69.37,64.98071090642718,1,299.52,0,170.79337231431384,Desktop,0
44,No Prompt,2024-01-02 19:00:00,128.6,41.82758635441151,0,132.37,1,2.7957192080313664,Desktop,1
45,Show Prompt,2024-01-02 20:00:00,179.09,32.746904468706674,0,178.52,1,65.0,Mobile,0
46,No Prompt,2024-01-02 21:00:00,122.98,55.18962765757073,0,132.94,1,7.365825282161635,Mobile,1
47,Show Prompt,2024-01-02 22:00:00,45.93,28.65017687639474,1,62.02,1,35.0,Mobile,0
48,No Prompt,2024-01-02 23:00:00,22.25,56.61803367133439,0,19.15,0,90.0,Desktop,1
49,No Prompt,2024-01-03 00:00:00,172.19,38.05084255662442,0,178.49,0,115.0,Mobile,0
50,Show Prompt,2024-01-03 01:00:00,22.05,60.620098917422,0,12.16,1,4.735606005440887,Mobile,0
51,No Prompt,2024-01-03 02:00:00,165.44,16.50262418128205,0,170.23,1,0.5990826874352928,Desktop,0
52,No Prompt,2024-01-03 03:00:00,108.83,71.37924148505064,0,114.64,1,29.0,Mobile,0
53,No Prompt,2024-01-03 04:00:00,188.02,49.88670350226087,0,189.98,1,193.6554772697732,Mobile,0
54,No Prompt,2024-01-03 05:00:00,159.54,52.70649400028995,0,161.36,1,100.0,Desktop,1
55,No Prompt,2024-01-03 06:00:00,204.15,41.85092923817948,0,193.94,1,159.0,Mobile,1
56,No Prompt,2024-01-03 07:00:00,79.91,53.40495532049403,0,67.97,1,89.0,Desktop,1
57,Show Prompt,2024-01-03 08:00:00,153.77,50.6206658424362,1,206.73,0,169.0,Mobile,1
58,Show Prompt,2024-01-03 09:00:00,91.67,57.20224776441279,1,118.97,1,51.0,Desktop,0
59,Show Prompt,2024-01-03 10:00:00,104.86,57.64117765744716,0,103.17,1,166.7588832045269,Desktop,0
60,Show Prompt,2024-01-03 11:00:00,126.31,24.90239074145875,1,160.06,1,2.938357943135008,Mobile,0
61,Show Prompt,2024-01-03 12:00:00,170.52,24.93513907913414,0,176.25,1,199.0347960828224,Mobile,1
62,Show Prompt,2024-01-03 13:00:00,201.45,32.94205349766254,0,201.71,1,103.55188715119816,Desktop,0
63,No Prompt,2024-01-03 14:00:00,148.16,41.7271466052694,0,149.52,0,221.89690103828173,Desktop,1
64,Show Prompt,2024-01-03 15:00:00,84.82,53.26816851240894,0,87.49,0,4.364745294171419,Desktop,0
65,Show Prompt,2024-01-03 16:00:00,87.01,51.657158968208975,0,87.99,1,64.0,Desktop,1
66,No Prompt,2024-01-03 17:00:00,155.15,34.84672474654458,0,153.09,1,3.3092186544044746,Mobile,1
67,Show Prompt,2024-01-03 18:00:00,64.54,56.99083455985996,0,55.3,1,42.0,Mobile,0
68,No Prompt,2024-01-03 19:00:00,21.64,1.0,0,37.67,0,1.1981653748705856,Desktop,0
69,Show Prompt,2024-01-03 20:00:00,70.48,50.49991446822912,0,81.86,1,173.0,Mobile,1
70,No Prompt,2024-01-03 21:00:00,63.37,38.00562985975712,0,59.74,1,154.0,Mobile,0
71,No Prompt,2024-01-03 22:00:00,63.15,61.04061597583066,0,59.84,1,2.7957192080313664,Mobile,0
72,Show Prompt,2024-01-03 23:00:00,49.24,55.30138038448124,0,60.59,1,1.7972480623058786,Mobile,1
73,Show Prompt,2024-01-04 00:00:00,20.12,48.06157900748084,1,40.26,1,46.0,Mobile,0
74,No Prompt,2024-01-04 01:00:00,10.16,61.77574785193397,0,25.57,0,60.51733664680412,Tablet,1
75,No Prompt,2024-01-04 02:00:00,206.62,87.19377826077573,0,199.39,1,156.0002455784284,Mobile,1
76,No Prompt,2024-01-04 03:00:00,74.76,15.642779670058449,0,95.77,1,1.569026086140053,Mobile,0
77,No Prompt,2024-01-04 04:00:00,88.03,32.49271434766638,0,89.16,1,172.13820201757616,Tablet,0
78,Show Prompt,2024-01-04 05:00:00,148.34,13.545687315820183,0,135.79,0,2.111053279533889,Tablet,0
79,Show Prompt,2024-01-04 06:00:00,62.29,47.34505225884162,0,47.76,0,88.0,Mobile,1
80,Show Prompt,2024-01-04 07:00:00,199.12,40.25908546864704,0,192.76,1,107.5863762609851,Mobile,0
81,No Prompt,2024-01-04 08:00:00,150.99,50.19926144805105,0,151.34,0,149.0,Desktop,1
82,No Prompt,2024-01-04 09:00:00,30.33,36.07627993770095,0,26.5,1,74.0,Desktop,0
83,Show Prompt,2024-01-04 10:00:00,92.29,48.98023041498256,0,80.73,1,141.0,Desktop,0
84,Show Prompt,2024-01-04 11:00:00,180.11,1.0634427608529575,1,180.63,1,116.0,Desktop,0
86,Show Prompt,2024-01-04 13:00:00,103.48,60.28953945872023,0,100.87,1,106.0,Mobile,0
87,No Prompt,2024-01-04 14:00:00,129.67,78.22611201672882,0,122.52,1,57.0,Desktop,0
88,No Prompt,2024-01-04 15:00:00,36.41,13.844067664690169,0,36.92,1,185.5864990501993,Mobile,0
89,No Prompt,2024-01-04 16:00:00,198.11,22.2417774050611,0,206.63,0,97.0,Desktop,0
90,Show Prompt,2024-01-04 17:00:00,65.85,44.11213132924345,0,52.56,1,176.0,Desktop,0
91,Show Prompt,2024-01-04 18:00:00,198.26,47.625059048373664,0,198.7,1,232.6555386643803,Mobile,1
92,No Prompt,2024-01-04 19:00:00,135.17,38.59711466855198,0,137.41,1,54.0,Mobile,0
93,No Prompt,2024-01-04 20:00:00,121.6,36.98557438476978,0,127.42,1,131.79331091970676,Mobile,0
94,No Prompt,2024-01-04 21:00:00,112.29,46.96162205268143,0,112.83,1,86.0,Mobile,1
95,No Prompt,2024-01-04 22:00:00,57.66,41.87703355730987,0,55.82,1,142.55194854580526,Desktop,0
96,Show Prompt,2024-01-04 23:00:00,43.53,41.68274464257246,0,37.02,0,5.020883475648168,Mobile,1
97,No Prompt,2024-01-05 00:00:00,53.16,45.43470865208526,0,44.04,1,71.27597427290263,Desktop,0
98,Show Prompt,2024-01-05 01:00:00,48.98,76.43874907871918,0,39.33,1,116.0,Mobile,0
99,Show Prompt,2024-01-05 02:00:00,154.09,28.5610886979033,0,153.93,0,228.62104955459333,Desktop,1
100,Show Prompt,2024-01-05 03:00:00,60.83,72.13424146306585,1,100.25,1,121.03467329360824,Desktop,0
101,Show Prompt,2024-01-05 04:00:00,27.82,31.499783095897985,0,17.84,1,22.0,Desktop,1
102,No Prompt,2024-01-05 05:00:00,203.1,67.60479477380322,0,187.03,1,103.55188715119816,Mobile,0
103,Show Prompt,2024-01-05 06:00:00,185.79,4.553907863305042,1,213.02,1,51.0,Tablet,1
104,No Prompt,2024-01-05 07:00:00,183.33,28.957355108527345,0,187.81,1,67.24148516311568,Mobile,1
105,No Prompt,2024-01-05 08:00:00,199.23,37.51918387338441,0,195.15,1,101.0,Mobile,0
106,Show Prompt,2024-01-05 09:00:00,48.71,19.6800912674802,0,43.24,1,62.0,Mobile,1
107,Show Prompt,2024-01-05 10:00:00,78.43,21.32057770690859,0,93.15,1,154.0,Mobile,0
108,No Prompt,2024-01-05 11:00:00,155.78,50.64896113804815,0,156.77,0,166.7588832045269,Tablet,1
109,Show Prompt,2024-01-05 12:00:00,144.65,38.62233369870645,0,149.07,1,0.5705549404145647,Mobile,0
110,Show Prompt,2024-01-05 13:00:00,43.91,62.62660277656768,0,44.33,1,107.5863762609851,Desktop,1
111,Show Prompt,2024-01-05 14:00:00,152.67,38.196614501081584,0,153.78,0,44.379380207656354,Desktop,0
112,Show Prompt,2024-01-05 15:00:00,59.5,13.940625140827771,1,82.56,1,33.62074258155784,Mobile,0
113,No Prompt,2024-01-05 16:00:00,59.34,18.63527303587196,0,51.13,1,122.0,Desktop,1
114,No Prompt,2024-01-05 17:00:00,111.69,29.34185867948316,0,108.07,0,39.0000613946071,Mobile,1
115,No Prompt,2024-01-05 18:00:00,122.15,70.03858794467567,0,125.08,1,90.0,Mobile,0
116,No Prompt,2024-01-05 19:00:00,121.59,25.805788748892404,0,124.71,1,146.5864376555922,Mobile,0
117,No Prompt,2024-01-05 20:00:00,20.53,69.18388855623799,0,23.15,0,177.0,Desktop,0
118,Show Prompt,2024-01-05 21:00:00,179.72,14.177382578309544,0,182.74,1,4.792661499482342,Tablet,0
119,No Prompt,2024-01-05 22:00:00,59.86,1.0,0,62.71,1,4.136523318005594,Mobile,0
120,No Prompt,2024-01-05 23:00:00,30.5,40.41471628937535,0,31.71,1,3.3092186544044746,Mobile,1
121,No Prompt,2024-01-06 00:00:00,188.59,48.81275292479647,0,177.08,1,93.0,Desktop,0
122,No Prompt,2024-01-06 01:00:00,185.25,47.90643649526784,0,198.51,1,134.0,Mobile,1
123,Show Prompt,2024-01-06 02:00:00,179.49,61.4523697039385,1,226.83,0,1.996942291450976,Desktop,1
124,Show Prompt,2024-01-06 03:00:00,167.6,50.031323991964726,1,224.81,1,2.1395810265546173,Mobile,0
125,Show Prompt,2024-01-06 04:00:00,130.51,44.80142030164509,0,135.97,0,1.7116648212436938,Mobile,0
126,Show Prompt,2024-01-06 05:00:00,114.95,7.231036898958923,0,113.13,1,51.0,Desktop,0
127,No Prompt,2024-01-06 06:00:00,33.76,23.143217250969336,0,21.82,0,34.0,Mobile,0
128,No Prompt,2024-01-06 07:00:00,85.58,9.015582941466374,0,90.55,1,108.9312059642474,Desktop,1
129,Show Prompt,2024-01-06 08:00:00,80.74,46.72644318413273,1,113.4,1,174.0,Desktop,0
130,No Prompt,2024-01-06 09:00:00,56.71,32.87984721762495,0,63.22,1,1.340804109974227,Mobile,1
131,Show Prompt,2024-01-06 10:00:00,148.5,25.725221646012407,0,143.08,1,111.62086537077204,Mobile,0
132,Show Prompt,2024-01-06 11:00:00,105.44,61.71217200586679,0,112.74,1,200.3796257860848,Tablet,0
133,Show Prompt,2024-01-06 12:00:00,21.4,34.41709402160255,0,20.84,0,4.165051065026321,Desktop,0
134,Show Prompt,2024-01-06 13:00:00,45.3,61.60398948329836,0,49.65,0,1.569026086140053,Mobile,0
135,No Prompt,2024-01-06 14:00:00,142.48,13.291576138595463,0,134.26,1,133.0,Desktop,0
136,Show Prompt,2024-01-06 15:00:00,28.39,82.72465994126381,0,31.36,1,32.0,Mobile,0
137,No Prompt,2024-01-06 16:00:00,177.0,30.14176235600529,0,177.41,1,34.0,Mobile,1
138,No Prompt,2024-01-06 17:00:00,103.17,54.80669034282359,0,101.39,1,3.080996678238649,Desktop,1
139,Show Prompt,2024-01-06 18:00:00,96.85,58.12823444054119,1,144.42,1,41.0,Mobile,0
140,No Prompt,2024-01-06 19:00:00,126.01,28.31864205783249,0,120.63,0,93.0,Desktop,0
141,No Prompt,2024-01-06 20:00:00,161.26,53.535936047857554,0,164.63,0,44.0,Mobile,0
142,Show Prompt,2024-01-06 21:00:00,68.36,6.393780984018637,0,70.43,1,120.0,Desktop,0
143,Show Prompt,2024-01-06 22:00:00,133.69,42.9077039506844,1,167.94,1,3.87977359481904,Mobile,0
144,Show Prompt,2024-01-06 23:00:00,114.76,72.43087380583863,0,102.56,1,1.7116648212436938,Mobile,0
145,Show Prompt,2024-01-07 00:00:00,68.47,59.67223549675714,0,66.45,1,107.0,Desktop,0
146,Show Prompt,2024-01-07 01:00:00,176.35,50.120174425490674,1,214.7,1,173.48303172083848,Mobile,0
148,No Prompt,2024-01-07 03:00:00,136.06,60.66226619660695,0,137.38,0,156.0002455784284,Mobile,0
150,Show Prompt,2024-01-07 05:00:00,173.12,24.830385871789662,1,188.86,1,76.0,Desktop,0
151,No Prompt,2024-01-07 06:00:00,145.07,28.07258228884715,0,135.28,0,149.0,Mobile,0
152,Show Prompt,2024-01-07 07:00:00,173.28,32.89773354753639,0,166.88,0,115.0,Mobile,0
153,Show Prompt,2024-01-07 08:00:00,136.76,1.1843109809261565,1,198.92,1,140.0,Mobile,1
154,Show Prompt,2024-01-07 09:00:00,146.59,4.872365509765356,0,141.73,1,2.3107475086789866,Mobile,1
155,No Prompt,2024-01-07 10:00:00,298.71,69.92853959813908,0,125.43,1,156.0,Mobile,1
156,Show Prompt,2024-01-07 11:00:00,150.06,61.89817491425055,0,157.06,0,117.0001841838213,Mobile,0
157,No Prompt,2024-01-07 12:00:00,50.66,23.148058192973224,0,42.22,1,2.852774702072823,Mobile,0
158,No Prompt,2024-01-07 13:00:00,184.51,29.294898952443912,0,181.51,1,1.0269988927462164,Desktop,1
159,Show Prompt,2024-01-07 14:00:00,170.75,54.507662947294506,1,202.35,1,182.89683964367467,Desktop,0
160,No Prompt,2024-01-07 15:00:00,16.17,69.48365226774811,0,14.34,0,1.968414544430248,Mobile,0
161,Show Prompt,2024-01-07 16:00:00,182.98,40.10770021935196,0,177.38,1,131.0,Mobile,1
162,No Prompt,2024-01-07 17:00:00,31.7,25.62026708350611,0,37.1,1,113.0,Mobile,0
163,No Prompt,2024-01-07 18:00:00,75.87,16.642479139046614,0,81.73,1,2.966885690155736,Mobile,0
164,No Prompt,2024-01-07 19:00:00,153.06,71.02975717302962,0,149.2,1,168.0,Mobile,0
165,Show Prompt,2024-01-07 20:00:00,50.79,30.733050411897096,0,37.8,1,4.707078258420158,Mobile,0
166,No Prompt,2024-01-07 21:00:00,165.28,37.33017139374673,0,158.55,0,236.6900277741672,Mobile,0
167,Show Prompt,2024-01-07 22:00:00,168.41,34.75205095956501,1,209.57,0,229.96587925785565,Mobile,1
168,Show Prompt,2024-01-07 23:00:00,111.59,54.619477756646816,1,117.9,1,93.0,Mobile,1
169,Show Prompt,2024-01-08 00:00:00,3.83,63.81896998189572,0,22.87,1,128.0,Mobile,0
170,No Prompt,2024-01-08 01:00:00,61.74,40.62142516814972,0,55.54,1,164.0,Mobile,1
171,No Prompt,2024-01-08 02:00:00,127.54,9.66849335304633,0,132.83,1,37.0,Mobile,0
172,Show Prompt,2024-01-08 03:00:00,203.06,71.5311705369522,0,195.85,1,1.740192568264422,Mobile,0
173,No Prompt,2024-01-08 04:00:00,130.46,21.33243503838252,0,132.91,0,120.0,Mobile,1
174,Show Prompt,2024-01-08 05:00:00,51.94,16.36213856132114,1,100.33,1,64.0,Mobile,1
175,No Prompt,2024-01-08 06:00:00,141.96,48.39808783844211,0,125.31,1,101.0,Mobile,1
176,Show Prompt,2024-01-08 07:00:00,111.24,9.908703894682294,1,153.62,1,95.8262967684112,Mobile,1
177,No Prompt,2024-01-08 08:00:00,154.39,56.14602112972874,0,156.61,0,92.0,Mobile,1
178,Show Prompt,2024-01-08 09:00:00,21.32,63.65587761464062,0,33.14,1,0.9414156516840316,Mobile,1
179,No Prompt,2024-01-08 10:00:00,145.83,55.79736760771169,0,151.0,0,236.6900277741672,Mobile,0
180,Show Prompt,2024-01-08 11:00:00,110.05,39.00499903088674,1,161.61,0,151.0,Desktop,1
181,Show Prompt,2024-01-08 12:00:00,190.79,56.48967884847538,0,198.14,1,101.0,Mobile,1
182,Show Prompt,2024-01-08 13:00:00,77.34,45.892514826030464,0,76.17,1,167.0,Mobile,1
183,No Prompt,2024-01-08 14:00:00,125.74,56.03943083076806,0,129.5,1,3.965356835881224,Desktop,0
184,No Prompt,2024-01-08 15:00:00,187.97,27.130140471420862,0,182.3,1,139.0,Mobile,0
185,Show Prompt,2024-01-08 16:00:00,31.47,48.95442679882726,1,77.73,1,236.26175878761293,Mobile,0
186,No Prompt,2024-01-08 17:00:00,185.55,41.70169069321661,0,175.44,1,169.44854261105152,Desktop,0
187,No Prompt,2024-01-08 18:00:00,143.15,34.49651509750847,0,142.18,1,127.0,Desktop,1
188,No Prompt,2024-01-08 19:00:00,16.63,57.81830916059669,0,16.86,1,0.7987769165803904,Mobile,0
189,No Prompt,2024-01-08 20:00:00,66.82,55.439819883208486,0,77.16,1,2.7957192080313664,Mobile,0
190,Show Prompt,2024-01-08 21:00:00,160.47,28.94946181547408,1,190.26,0,234.0003683676426,Mobile,1
191,Show Prompt,2024-01-08 22:00:00,16.4,14.900479184918112,0,20.66,1,34.0,Mobile,0
192,No Prompt,2024-01-08 23:00:00,120.59,52.37703503943755,0,127.83,1,38.0,Mobile,0
193,No Prompt,2024-01-09 00:00:00,78.17,3.659939898629311,0,80.14,1,109.0,Mobile,0
194,No Prompt,2024-01-09 01:00:00,125.59,30.675920137550904,0,128.05,1,1.2837486159327705,Mobile,1
195,Show Prompt,2024-01-09 02:00:00,23.91,55.6553255641277,0,10.82,1,232.6555386643803,Desktop,0
196,Show Prompt,2024-01-09 03:00:00,167.57,11.283534238664114,1,190.89,1,173.0,Tablet,1
197,No Prompt,2024-01-09 04:00:00,193.31,1.0,0,194.97,1,3.1665799193008337,Mobile,0
198,No Prompt,2024-01-09 05:00:00,190.87,44.49495252916788,0,190.48,1,135.8278000294937,Desktop,0
199,No Prompt,2024-01-09 06:00:00,153.44,56.95078669641754,0,140.83,1,201.72445548934704,Mobile,0
200,No Prompt,2024-01-09 07:00:00,39.14,20.344199590364507,0,22.24,1,1.740192568264422,Desktop,1
201,No Prompt,2024-01-09 08:00:00,155.49,42.77024086795826,0,152.58,1,51.103528723967926,Mobile,0
202,Show Prompt,2024-01-09 09:00:00,15.48,52.517818473130326,0,20.99,1,36.0,Mobile,0
203,Show Prompt,2024-01-09 10:00:00,18.35,52.6229100259465,1,42.48,1,2.710135966969182,Mobile,0
204,No Prompt,2024-01-09 11:00:00,74.47,34.79208461791752,0,70.94,1,82.0,Mobile,1
205,No Prompt,2024-01-09 12:00:00,103.6,56.28416944390709,0,97.92,1,4.279162053109235,Mobile,0
206,Show Prompt,2024-01-09 13:00:00,161.22,58.25408887945515,0,150.1,1,169.44854261105152,Desktop,1
207,Show Prompt,2024-01-09 14:00:00,143.53,70.94873056735156,0,140.92,1,91.44841982183732,Desktop,1
208,No Prompt,2024-01-09 15:00:00,100.55,55.185500146082376,0,101.95,1,5.619289390515061,Mobile,0
209,Show Prompt,2024-01-09 16:00:00,60.53,28.02730713466365,1,107.93,0,173.0,Mobile,0
210,Show Prompt,2024-01-09 17:00:00,198.4,18.04298478075421,0,194.17,0,3.366274148445932,Mobile,0
211,No Prompt,2024-01-09 18:00:00,95.63,45.48705781652826,0,102.5,1,71.0,Desktop,0
212,No Prompt,2024-01-09 19:00:00,104.83,63.1385310014501,0,99.47,1,425.9871105413021,Desktop,0
213,No Prompt,2024-01-09 20:00:00,42.25,38.17893959407063,0,41.5,1,3.87977359481904,Tablet,0
214,Show Prompt,2024-01-09 21:00:00,162.94,36.09092832247303,1,204.47,1,3.908301341839768,Desktop,0
215,No Prompt,2024-01-09 22:00:00,143.53,8.983195576155314,0,143.99,1,34.965572284820155,Mobile,0
216,Show Prompt,2024-01-09 23:00:00,105.57,54.53343086247496,0,46.55,1,1.854303556347335,Mobile,0
217,Show Prompt,2024-01-10 00:00:00,18.71,61.04228616037221,1,118.02,1,87.4139307120504,Mobile,0
218,No Prompt,2024-01-10 01:00:00,141.17,55.8421728188461,0,144.81,0,119.0,Desktop,1
219,No Prompt,2024-01-10 02:00:00,138.92,32.331921264420735,0,135.24,1,163.0,Mobile,1
220,No Prompt,2024-01-10 03:00:00,61.01,1.0,0,52.81,1,4.878244740544528,Mobile,1
221,No Prompt,2024-01-10 04:00:00,204.58,13.04350323185109,0,194.49,1,73.0,Desktop,0
222,No Prompt,2024-01-10 05:00:00,45.26,37.99554015961802,0,34.45,1,108.9312059642474,Mobile,0
223,Show Prompt,2024-01-10 06:00:00,93.66,30.617069724406864,1,105.46,1,199.0347960828224,Mobile,0
224,Show Prompt,2024-01-10 07:00:00,194.98,4.509225842665153,1,220.33,1,68.0,Desktop,0
225,Show Prompt,2024-01-10 08:00:00,92.27,5.66142606969979,1,124.7,0,44.0,Mobile,0
226,Show Prompt,2024-01-10 09:00:00,129.92,2.313746894467535,1,144.7,1,0.8273046636011187,Mobile,1
227,No Prompt,2024-01-10 10:00:00,87.06,1.0,0,92.37,1,137.0,Desktop,0
228,Show Prompt,2024-01-10 11:00:00,53.46,1.0,1,274.3,0,4.6500227643787015,Desktop,0
229,No Prompt,2024-01-10 12:00:00,197.09,56.79678979601312,0,200.67,1,5.020883475648168,Tablet,1
230,No Prompt,2024-01-10 13:00:00,89.44,80.55843774463688,0,94.68,0,111.0,Mobile,0
231,No Prompt,2024-01-10 14:00:00,182.59,21.22453246243192,0,183.39,1,4.364745294171419,Mobile,0
232,No Prompt,2024-01-10 15:00:00,143.61,53.94476489554842,0,55.06,1,163.0,Desktop,0
233,No Prompt,2024-01-10 16:00:00,50.13,42.284529663354455,0,50.82,1,4.764133752461615,Mobile,0
234,Show Prompt,2024-01-10 17:00:00,19.1,54.96119005337075,1,60.97,1,99.0,Mobile,1
235,Show Prompt,2024-01-10 18:00:00,139.66,1.0,0,144.9,1,239.56574192102804,Desktop,0
236,No Prompt,2024-01-10 19:00:00,76.83,70.25427602875152,0,80.34,1,97.0,Mobile,0
237,Show Prompt,2024-01-10 20:00:00,174.07,45.42202552057067,1,185.52,0,1.7687203152851505,Mobile,1
238,Show Prompt,2024-01-10 21:00:00,93.54,26.77891725309448,0,101.77,0,4.935300234585984,Mobile,1
239,No Prompt,2024-01-10 22:00:00,194.6,22.96310002160387,0,193.4,1,109.0,Mobile,1
240,Show Prompt,2024-01-10 23:00:00,31.98,54.84096955855206,1,90.01,1,97.0,Mobile,1
241,No Prompt,2024-01-11 00:00:00,167.9,56.66610663214435,0,169.61,1,45.0,Mobile,0
242,No Prompt,2024-01-11 01:00:00,160.39,33.52180503654749,0,166.31,1,140.0,Desktop,0
243,No Prompt,2024-01-11 02:00:00,158.19,27.55105270709734,0,151.51,1,64.0,Desktop,0
244,Show Prompt,2024-01-11 03:00:00,165.8,52.76713943208239,0,165.88,1,82.0,Mobile,0
245,Show Prompt,2024-01-11 04:00:00,147.64,18.223551966033224,1,179.63,1,87.0,Mobile,1
246,No Prompt,2024-01-11 05:00:00,125.8,28.37216646774597,0,123.84,1,232.6555386643803,Mobile,1
247,Show Prompt,2024-01-11 06:00:00,28.96,48.93244948309796,0,42.08,0,21.0,Mobile,0
248,No Prompt,2024-01-11 07:00:00,14.99,32.07436863375809,0,22.76,1,161.0,Desktop,0
249,No Prompt,2024-01-11 08:00:00,179.47,25.141347300455905,0,187.58,1,127.0,Desktop,0
250,No Prompt,2024-01-11 09:00:00,132.96,67.47138745965677,0,130.63,1,49.0,Desktop,1
251,Show Prompt,2024-01-11 10:00:00,167.91,78.56442233374511,0,160.71,1,91.44841982183732,Mobile,0
252,Show Prompt,2024-01-11 11:00:00,91.98,61.55577956191362,0,99.54,1,159.0,Mobile,1
253,No Prompt,2024-01-11 12:00:00,30.95,13.682314052505893,0,25.36,1,84.72427130552576,Mobile,1
254,Show Prompt,2024-01-11 13:00:00,31.02,16.01799518268463,0,28.76,0,32.0,Mobile,1
255,Show Prompt,2024-01-11 14:00:00,141.69,16.883500475055552,0,141.36,1,130.44848121644443,Desktop,1
256,No Prompt,2024-01-11 15:00:00,93.79,9.855483556946863,0,91.29,1,4.136523318005594,Tablet,1
257,No Prompt,2024-01-11 16:00:00,36.7,47.16986140095096,0,56.18,0,117.0,Mobile,0
258,No Prompt,2024-01-11 17:00:00,99.28,40.40665125187604,0,95.42,0,60.51733664680412,Desktop,0
259,No Prompt,2024-01-11 18:00:00,17.22,21.46694269302804,0,26.59,1,168.0,Mobile,0
260,Show Prompt,2024-01-11 19:00:00,114.37,37.40986311196936,1,148.02,1,175.0,Mobile,0
261,No Prompt,2024-01-11 20:00:00,62.47,30.173499485405426,0,68.06,1,1.911359050388792,Mobile,1
262,No Prompt,2024-01-11 21:00:00,158.12,26.77351132544981,0,161.85,1,85.0,Mobile,0
263,Show Prompt,2024-01-11 22:00:00,70.03,36.37538028384758,0,70.92,1,142.55194854580526,Mobile,1
264,No Prompt,2024-01-11 23:00:00,91.14,39.35206275564,0,87.4,1,98.0,Desktop,0
265,No Prompt,2024-01-12 00:00:00,9.13,38.50529914224924,0,1.03,1,42.0,Desktop,0
266,No Prompt,2024-01-12 01:00:00,22.64,48.82674198369431,0,30.04,1,100.0,Mobile,1
267,No Prompt,2024-01-12 02:00:00,86.37,1.0,0,87.22,1,1.911359050388792,Mobile,0
268,No Prompt,2024-01-12 03:00:00,110.75,83.41720466208633,0,100.34,1,192.31064756651088,Desktop,0
269,Show Prompt,2024-01-12 04:00:00,122.5,46.34066465749842,0,126.53,1,149.0,Desktop,0
270,Show Prompt,2024-01-12 05:00:00,67.17,81.44503130620097,0,70.08,1,2.938357943135008,Desktop,1
271,No Prompt,2024-01-12 06:00:00,145.77,19.96989358826887,0,140.91,1,39.0,Mobile,0
272,No Prompt,2024-01-12 07:00:00,168.67,61.69281469737788,0,173.1,1,65.0,Desktop,0
273,No Prompt,2024-01-12 08:00:00,161.95,57.53716298808992,0,163.05,1,150.0,Mobile,0
274,No Prompt,2024-01-12 09:00:00,5.14,37.06304720259191,0,23.32,1,0.8843601576425751,Desktop,1
275,No Prompt,2024-01-12 10:00:00,108.12,22.11478961803609,0,104.01,1,1.6831370742229657,Mobile,1
276,No Prompt,2024-01-12 11:00:00,24.4,31.3148687856022,0,26.23,1,85.0,Desktop,0
277,No Prompt,2024-01-12 12:00:00,60.2,23.16508864367549,0,51.8,0,119.0,Mobile,0
278,No Prompt,2024-01-12 13:00:00,191.84,40.372566944615066,0,194.38,0,97.0,Mobile,1
279,No Prompt,2024-01-12 14:00:00,43.1,42.84963908203029,0,34.4,1,47.06903961418098,Mobile,0
280,No Prompt,2024-01-12 15:00:00,107.58,60.51473177120907,0,103.33,1,2.9098301961142794,Mobile,0
281,No Prompt,2024-01-12 16:00:00,127.28,61.15175155355056,0,136.45,1,63.0,Desktop,0
282,Show Prompt,2024-01-12 17:00:00,148.88,32.809872921142016,0,140.73,1,153.0,Desktop,1
283,Show Prompt,2024-01-12 18:00:00,114.34,33.654976974705505,0,112.0,1,160.03473468821534,Tablet,0
284,Show Prompt,2024-01-12 19:00:00,9.22,66.13155115750732,0,18.47,0,41.0,Mobile,0
285,No Prompt,2024-01-12 20:00:00,71.26,82.75639781568337,0,77.13,1,37.0,Desktop,1
286,Show Prompt,2024-01-12 21:00:00,108.03,80.60969286144086,0,114.52,1,41.68972080113173,Desktop,1
287,Show Prompt,2024-01-12 22:00:00,22.15,35.06998219394079,0,22.78,0,190.96581786324856,Mobile,0
288,No Prompt,2024-01-12 23:00:00,76.02,61.20614016022795,0,77.17,0,3.87977359481904,Mobile,0
289,Show Prompt,2024-01-13 00:00:00,10.66,16.372461900113418,1,47.5,0,70.0,Desktop,1
290,No Prompt,2024-01-13 01:00:00,9.57,68.33030094289232,0,20.91,1,90.0,Desktop,1
291,Show Prompt,2024-01-13 02:00:00,97.74,17.390522442102665,1,121.26,1,67.0,Desktop,1
292,Show Prompt,2024-01-13 03:00:00,33.14,31.22636818103938,1,59.93,1,38.0,Mobile,0
293,No Prompt,2024-01-13 04:00:00,117.0,1.0,0,114.19,1,25.0,Mobile,0
294,Show Prompt,2024-01-13 05:00:00,142.77,9.301782832154933,0,149.06,1,2.938357943135008,Mobile,1
295,Show Prompt,2024-01-13 06:00:00,165.18,63.379742333943895,1,219.68,1,4.963827981606713,Desktop,1
296,No Prompt,2024-01-13 07:00:00,47.26,54.52177046483793,0,47.39,0,72.0,Desktop,0
297,No Prompt,2024-01-13 08:00:00,51.44,20.09748973858684,0,30.49,1,3.5944961246117573,Mobile,0
298,Show Prompt,2024-01-13 09:00:00,25.02,55.07793238360862,0,20.79,1,3.423329642487388,Desktop,1
300,Show Prompt,2024-01-13 11:00:00,138.67,44.01509573616853,0,149.3,1,4.393273041192147,Tablet,0
301,Show Prompt,2024-01-13 12:00:00,17.83,63.4636975379311,1,45.65,1,2.510441737824084,Mobile,0
302,No Prompt,2024-01-13 13:00:00,197.27,43.00446173301935,0,182.23,1,0.8558324106218469,Mobile,0
303,No Prompt,2024-01-13 14:00:00,16.14,65.04082698085061,0,32.11,1,162.0,Mobile,0
304,No Prompt,2024-01-13 15:00:00,109.9,33.38995811058124,0,118.27,1,150.0,Mobile,1
305,No Prompt,2024-01-13 16:00:00,147.12,15.163615707556,0,145.11,1,141.0,Mobile,0
306,No Prompt,2024-01-13 17:00:00,169.76,27.823375232014094,0,176.78,0,88.0,Mobile,0
307,No Prompt,2024-01-13 18:00:00,138.18,36.34505303113331,0,149.65,1,1.1981653748705856,Mobile,0
308,Show Prompt,2024-01-13 19:00:00,175.55,54.86337241728016,0,157.02,1,1.5975538331607808,Desktop,0
309,No Prompt,2024-01-13 20:00:00,78.68,42.98534352481325,0,81.24,1,0.7987769165803904,Mobile,0
310,Show Prompt,2024-01-13 21:00:00,164.05,47.39566545735654,0,163.79,1,45.72420991091867,Mobile,0
311,Show Prompt,2024-01-13 22:00:00,28.16,50.07581989631963,1,68.74,1,150.0,Mobile,1
312,Show Prompt,2024-01-13 23:00:00,174.47,16.31582586449705,0,181.61,1,150.62092676537915,Desktop,0
313,Show Prompt,2024-01-14 00:00:00,117.89,27.27371892337105,0,112.31,0,36.0,Mobile,0
314,No Prompt,2024-01-14 01:00:00,168.41,14.858026462692727,0,162.32,0,173.0,Desktop,0
315,No Prompt,2024-01-14 02:00:00,92.4,35.95486400054095,0,98.06,1,4.792661499482342,Desktop,0
316,No Prompt,2024-01-14 03:00:00,132.17,32.65553755703602,0,119.92,0,122.37950299687056,Mobile,1
317,Show Prompt,2024-01-14 04:00:00,112.28,44.85352484713867,1,146.92,1,4.792661499482342,Mobile,0
318,Show Prompt,2024-01-14 05:00:00,148.92,70.75814155113487,0,149.68,1,188.27615845672392,Mobile,1
319,Show Prompt,2024-01-14 06:00:00,27.6,39.262208163878505,0,36.55,1,0.8558324106218469,Mobile,0
320,Show Prompt,2024-01-14 07:00:00,18.41,48.16954702087566,0,27.71,1,91.0,Desktop,1
321,No Prompt,2024-01-14 08:00:00,60.39,47.5705999470012,0,50.25,0,125.0,Desktop,0
322,No Prompt,2024-01-14 09:00:00,39.12,31.954703404839268,0,37.64,1,193.6554772697732,Mobile,1
323,No Prompt,2024-01-14 10:00:00,177.67,40.46566213552188,0,175.6,0,1.5404983391193243,Mobile,0
324,Show Prompt,2024-01-14 11:00:00,52.43,1.0,1,65.93,1,3.936829088860496,Desktop,0
325,No Prompt,2024-01-14 12:00:00,203.61,29.91210350116948,0,194.76,1,33.0,Desktop,1
326,No Prompt,2024-01-14 13:00:00,73.66,21.11421355004588,0,76.92,1,44.379380207656354,Mobile,1
327,No Prompt,2024-01-14 14:00:00,50.41,38.01412868307159,0,47.17,1,29.0,Mobile,0
328,No Prompt,2024-01-14 15:00:00,162.81,35.101227447476,0,150.15,1,4.535911776295789,Mobile,0
329,Show Prompt,2024-01-14 16:00:00,118.44,41.366269501216,0,129.39,0,1.6260815801815092,Desktop,0
330,Show Prompt,2024-01-14 17:00:00,115.88,28.332286119865746,0,105.66,1,127.0,Mobile,1
331,Show Prompt,2024-01-14 18:00:00,116.48,23.441273119250795,1,162.31,0,185.5864990501993,Mobile,0
332,No Prompt,2024-01-14 19:00:00,145.43,16.796381464643602,0,138.98,0,53.0,Desktop,0
333,Show Prompt,2024-01-14 20:00:00,58.96,29.2840231767001,1,105.15,1,39.0000613946071,Desktop,1
334,Show Prompt,2024-01-14 21:00:00,196.52,43.3677910280601,0,203.77,0,141.0,Desktop,1
335,Show Prompt,2024-01-14 22:00:00,201.07,72.65982622772617,1,224.79,0,4.67855051139943,Mobile,1
336,Show Prompt,2024-01-14 23:00:00,139.09,31.87581412762722,1,173.93,1,4.67855051139943,Mobile,1
337,No Prompt,2024-01-15 00:00:00,39.25,57.43851172223691,0,46.74,0,3.822718100777583,Desktop,1
338,No Prompt,2024-01-15 01:00:00,136.17,35.839411128509944,0,137.9,0,0.5705549404145647,Mobile,0
339,Show Prompt,2024-01-15 02:00:00,29.73,22.345835013918915,0,25.24,1,41.68972080113173,Mobile,0
340,Show Prompt,2024-01-15 03:00:00,28.13,64.32353255601318,1,60.72,1,164.06922379800227,Mobile,1
341,Show Prompt,2024-01-15 04:00:00,54.56,15.416404447893807,0,60.15,0,23.0,Mobile,0
342,Show Prompt,2024-01-15 05:00:00,98.81,36.66986379705319,0,104.09,1,160.0,Mobile,1
343,Show Prompt,2024-01-15 06:00:00,172.45,82.40065111193012,0,168.15,1,117.0,Desktop,0
344,Show Prompt,2024-01-15 07:00:00,147.32,47.4133527808393,1,172.28,1,3.565968377591029,Desktop,0
345,Show Prompt,2024-01-15 08:00:00,145.88,57.05545357740837,0,152.04,0,104.0,Desktop,1
346,No Prompt,2024-01-15 09:00:00,87.41,35.07270866797041,0,94.72,1,3.993884582901953,Mobile,1
347,No Prompt,2024-01-15 10:00:00,71.75,64.28709032021983,0,73.55,0,4.307689800129963,Mobile,0
348,Show Prompt,2024-01-15 11:00:00,76.79,64.01100851841178,1,89.67,1,135.8278000294937,Mobile,1
349,Show Prompt,2024-01-15 12:00:00,208.24,35.1867301041064,0,200.28,1,1.0840543867876729,Desktop,1
350,No Prompt,2024-01-15 13:00:00,25.46,54.17611959122651,0,17.95,1,149.0,Mobile,0
351,No Prompt,2024-01-15 14:00:00,187.88,53.3487203771214,0,172.09,1,0.8843601576425751,Desktop,0
352,No Prompt,2024-01-15 15:00:00,120.55,16.624601046549063,0,118.32,1,100.0,Desktop,1
353,No Prompt,2024-01-15 16:00:00,91.83,9.73736123676931,0,88.47,0,2.653080472927725,Mobile,1
354,Show Prompt,2024-01-15 17:00:00,143.57,65.57688945245991,1,172.86,0,157.3450752816907,Mobile,0
355,Show Prompt,2024-01-15 18:00:00,98.4,38.88011901203788,0,96.73,1,25.0,Tablet,1
356,No Prompt,2024-01-15 19:00:00,168.16,43.826779523059415,0,168.21,1,4.421800788212876,Tablet,1
357,Show Prompt,2024-01-15 20:00:00,180.01,24.918382413563133,1,204.36,0,144.0,Mobile,0
358,No Prompt,2024-01-15 21:00:00,89.05,41.69671312855023,0,87.93,0,70.0,Mobile,1
359,No Prompt,2024-01-15 22:00:00,65.22,47.148085363597815,0,55.63,1,30.0,Tablet,0
360,No Prompt,2024-01-15 23:00:00,122.46,11.331200711136386,0,130.24,1,146.0,Mobile,0
361,Show Prompt,2024-01-16 00:00:00,183.1,16.418187837942643,0,178.67,1,159.0,Mobile,1
362,No Prompt,2024-01-16 01:00:00,39.92,43.75313766441964,0,47.57,0,92.0,Mobile,1
363,Show Prompt,2024-01-16 02:00:00,132.23,63.1176110523716,1,166.18,1,21.0,Mobile,1
364,No Prompt,2024-01-16 03:00:00,136.64,28.994408744755443,0,134.39,1,36.31040198808248,Mobile,0
365,No Prompt,2024-01-16 04:00:00,140.59,39.36009557520157,0,151.73,1,212.4830931154456,Mobile,0
366,Show Prompt,2024-01-16 05:00:00,34.59,35.59686958091474,0,31.87,0,4.079467823964137,Mobile,0
367,No Prompt,2024-01-16 06:00:00,134.92,39.519257130232,0,133.25,1,72.0,Mobile,0
368,No Prompt,2024-01-16 07:00:00,182.51,43.609488809303656,0,176.55,1,0.8273046636011187,Tablet,0
369,Show Prompt,2024-01-16 08:00:00,47.61,10.781196695662596,0,36.63,1,131.0,Desktop,0
370,Show Prompt,2024-01-16 09:00:00,49.87,34.879545525086684,0,66.87,1,36.31040198808248,Desktop,0
371,Show Prompt,2024-01-16 10:00:00,187.49,20.22488666285422,1,204.82,1,55.0,Desktop,1
372,Show Prompt,2024-01-16 11:00:00,44.86,35.58941222272981,0,40.58,0,168.10371290778923,Mobile,0
373,Show Prompt,2024-01-16 12:00:00,175.57,42.992332244270045,0,165.74,0,33.0,Mobile,0
374,No Prompt,2024-01-16 13:00:00,108.88,57.59638750878798,0,103.16,0,141.20711884254294,Desktop,0
375,Show Prompt,2024-01-16 14:00:00,53.56,16.78699643189031,0,59.42,0,168.0,Mobile,0
376,Show Prompt,2024-01-16 15:00:00,175.65,37.02685223637749,0,179.56,1,92.79324952509964,Mobile,0
377,No Prompt,2024-01-16 16:00:00,85.37,1.0,0,84.98,0,52.44835842723024,Desktop,0
378,Show Prompt,2024-01-16 17:00:00,104.85,32.68921098106495,0,107.86,1,106.0,Mobile,1
379,No Prompt,2024-01-16 18:00:00,75.01,25.50238769748505,0,71.89,1,154.0,Mobile,0
380,Show Prompt,2024-01-16 19:00:00,131.77,72.38785563146013,0,131.06,0,156.0,Tablet,1
381,Show Prompt,2024-01-16 20:00:00,41.94,22.786895865903865,1,74.27,1,148.0,Desktop,1
382,No Prompt,2024-01-16 21:00:00,78.53,43.63999020376647,0,83.86,1,232.6555386643803,Mobile,1
383,No Prompt,2024-01-16 22:00:00,192.97,57.767759633580496,0,193.46,1,57.0,Tablet,0
384,No Prompt,2024-01-16 23:00:00,52.57,44.09971009755723,0,62.98,1,63.0,Desktop,1
385,No Prompt,2024-01-17 00:00:00,145.68,45.96482110768171,0,123.09,1,105.0,Desktop,0
386,No Prompt,2024-01-17 01:00:00,66.94,67.68351468784263,0,58.43,0,63.0,Mobile,0
387,Show Prompt,2024-01-17 02:00:00,155.9,34.18944610352178,0,163.66,0,93.0,Mobile,1
388,Show Prompt,2024-01-17 03:00:00,37.09,6.329118055643971,1,90.41,1,185.5864990501993,Desktop,1
389,No Prompt,2024-01-17 04:00:00,197.53,71.6783233645672,0,189.64,1,141.0,Desktop,0
390,No Prompt,2024-01-17 05:00:00,95.18,5.158085211169141,0,97.69,1,205.758944599134,Desktop,0
391,No Prompt,2024-01-17 06:00:00,50.35,34.45206894380544,0,64.19,0,164.0,Mobile,0
392,Show Prompt,2024-01-17 07:00:00,14.63,30.14902948757897,0,23.71,1,70.0,Mobile,0
393,Show Prompt,2024-01-17 08:00:00,48.7,72.26478499044836,0,44.58,1,76.65529308595188,Desktop,0
394,No Prompt,2024-01-17 09:00:00,107.92,54.33942727232957,0,114.86,1,455.1749096499533,Mobile,1
395,Show Prompt,2024-01-17 10:00:00,74.25,33.93827879217576,0,75.32,1,70.0,Mobile,1
396,No Prompt,2024-01-17 11:00:00,167.31,51.682380203391766,0,170.81,1,29.0,Mobile,1
397,No Prompt,2024-01-17 12:00:00,85.58,32.446171201809015,0,97.49,0,139.0,Mobile,0
398,Show Prompt,2024-01-17 13:00:00,57.96,17.557347402347776,0,53.32,1,168.0,Desktop,1
399,No Prompt,2024-01-17 14:00:00,123.44,31.858894471009563,0,126.27,1,89.0,Desktop,1
400,No Prompt,2024-01-17 15:00:00,141.43,9.728465870057828,0,147.2,1,139.86228913928062,Mobile,1
401,Show Prompt,2024-01-17 16:00:00,37.4,49.93311339343764,1,86.61,1,2.1681087735753457,Mobile,0
402,No Prompt,2024-01-17 17:00:00,34.5,61.514262324866905,0,41.66,1,195.0003069730355,Desktop,0
403,No Prompt,2024-01-17 18:00:00,24.01,31.12418378738866,0,20.49,1,58.0,Mobile,0
404,No Prompt,2024-01-17 19:00:00,147.83,71.23918818072424,0,143.14,1,52.0,Mobile,0
405,Show Prompt,2024-01-17 20:00:00,141.2,1.0,0,134.53,1,37.0,Tablet,1
406,No Prompt,2024-01-17 21:00:00,108.14,61.64402480877779,0,98.2,0,76.0,Mobile,1
407,Show Prompt,2024-01-17 22:00:00,173.18,54.79166230311523,0,167.44,1,154.65541587516609,Desktop,0
408,Show Prompt,2024-01-17 23:00:00,157.91,70.09310664433852,0,162.02,0,90.10359011857504,Mobile,0
409,No Prompt,2024-01-18 00:00:00,123.14,61.85172264879255,0,123.65,1,1.740192568264422,Mobile,0
410,Show Prompt,2024-01-18 01:00:00,179.72,36.32112099872345,0,187.82,0,61.86216635006643,Mobile,0
411,Show Prompt,2024-01-18 02:00:00,43.21,33.63959326824228,1,69.79,1,93.0,Tablet,0
412,No Prompt,2024-01-18 03:00:00,38.58,32.68755485961667,0,26.03,0,3.680079365673942,Mobile,1
413,No Prompt,2024-01-18 04:00:00,61.34,45.37826004683809,0,64.31,1,1.4549150980571397,Mobile,0
414,No Prompt,2024-01-18 05:00:00,21.3,55.79848497857186,0,12.32,1,1.2837486159327705,Tablet,1
415,No Prompt,2024-01-18 06:00:00,236.95,1.0,0,109.41,0,44.0,Mobile,0
416,Show Prompt,2024-01-18 07:00:00,200.08,62.87460606624128,0,189.15,1,94.0,Mobile,0
418,Show Prompt,2024-01-18 09:00:00,38.51,42.36071796465507,0,27.33,1,102.20705744793584,Desktop,1
419,No Prompt,2024-01-18 10:00:00,91.11,64.68848213215799,0,105.49,1,145.0,Mobile,0
420,No Prompt,2024-01-18 11:00:00,187.97,55.27589036964147,0,186.15,1,3.0239411841971924,Mobile,1
421,No Prompt,2024-01-18 12:00:00,59.08,1.0,0,64.64,1,67.24148516311568,Mobile,0
422,No Prompt,2024-01-18 13:00:00,107.7,37.4184737874702,0,100.98,1,2.367803002720444,Mobile,1
423,Show Prompt,2024-01-18 14:00:00,18.08,29.671987318257745,0,18.32,0,52.0,Tablet,1
424,Show Prompt,2024-01-18 15:00:00,40.51,36.04629312128874,1,164.09,1,0.5990826874352928,Desktop,0
425,Show Prompt,2024-01-18 16:00:00,204.61,73.5303037160987,1,244.98,0,37.0,Desktop,1
426,No Prompt,2024-01-18 17:00:00,195.85,43.084328573690925,0,198.29,0,103.0,Desktop,0
427,Show Prompt,2024-01-18 18:00:00,10.06,32.293747757921686,0,3.89,1,54.0,Desktop,1
428,No Prompt,2024-01-18 19:00:00,186.21,44.7033097340244,0,187.82,1,178.86235053388774,Mobile,0
429,Show Prompt,2024-01-18 20:00:00,140.28,46.07990078704003,0,130.41,1,165.0,Desktop,0
430,Show Prompt,2024-01-18 21:00:00,178.85,10.885529199303942,0,179.76,1,129.0,Mobile,1
431,Show Prompt,2024-01-18 22:00:00,93.56,61.21832027103531,0,99.08,0,107.0,Mobile,1
432,No Prompt,2024-01-18 23:00:00,107.69,55.11887687539145,0,106.31,1,2.596024978886269,Desktop,0
433,No Prompt,2024-01-19 00:00:00,95.03,15.78339916136152,0,105.3,1,193.6554772697732,Mobile,1
434,Show Prompt,2024-01-19 01:00:00,134.97,36.97677436997161,0,130.89,1,65.89665545985338,Desktop,0
435,Show Prompt,2024-01-19 02:00:00,44.18,20.36119633314494,0,36.6,1,96.8277386348866,Mobile,0
436,No Prompt,2024-01-19 03:00:00,14.85,42.15477368390946,0,14.18,1,157.0,Desktop,1
437,Show Prompt,2024-01-19 04:00:00,58.22,19.49265721806678,0,80.03,1,106.0,Mobile,0
438,No Prompt,2024-01-19 05:00:00,139.97,33.69808776249875,0,155.17,0,4.507384029275061,Desktop,0
439,No Prompt,2024-01-19 06:00:00,53.85,24.405755512892814,0,49.44,1,32.0,Desktop,1
440,Show Prompt,2024-01-19 07:00:00,135.84,43.48637141134675,0,124.31,1,59.0,Mobile,0
441,Show Prompt,2024-01-19 08:00:00,197.72,38.13888186310859,0,195.02,0,145.2416079523299,Mobile,1
442,No Prompt,2024-01-19 09:00:00,25.97,37.49163270966443,0,26.11,1,2.4819139908033563,Mobile,0
443,Show Prompt,2024-01-19 10:00:00,133.99,47.35627144742483,0,131.5,0,4.632116930019172,Mobile,0
444,Show Prompt,2024-01-19 11:00:00,92.16,69.72053623318962,0,88.27,0,166.0,Desktop,0
445,No Prompt,2024-01-19 12:00:00,182.1,51.30313340875834,0,172.46,1,113.0,Desktop,1
446,No Prompt,2024-01-19 13:00:00,45.26,31.810791128887864,0,43.93,0,1.0840543867876729,Mobile,1
447,No Prompt,2024-01-19 14:00:00,143.53,44.73333461652678,0,135.09,1,56.48284753701718,Desktop,0
448,No Prompt,2024-01-19 15:00:00,165.81,49.61292593059797,0,172.59,0,73.0,Desktop,0
449,Show Prompt,2024-01-19 16:00:00,188.76,37.10866961295875,1,213.46,1,2.396330749741171,Mobile,1
450,Show Prompt,2024-01-19 17:00:00,142.01,29.296464048539768,1,182.55,1,159.0,Desktop,0
451,No Prompt,2024-01-19 18:00:00,99.14,22.471079092397904,0,96.46,0,1.226693121891314,Desktop,1
452,No Prompt,2024-01-19 19:00:00,121.25,30.67668952962004,0,135.04,0,141.0776035757165,Mobile,0
453,Show Prompt,2024-01-19 20:00:00,164.05,63.15352225142112,0,178.73,0,72.0,Mobile,1
454,No Prompt,2024-01-19 21:00:00,113.8,35.06805384896064,0,123.48,1,4.421800788212876,Mobile,0
455,Show Prompt,2024-01-19 22:00:00,17.99,3.1811884075060206,0,14.26,0,49.758699020705606,Tablet,1
456,Show Prompt,2024-01-19 23:00:00,184.02,48.73501327751264,0,184.68,1,102.20705744793584,Desktop,1
457,Show Prompt,2024-01-20 00:00:00,146.06,40.570799737893005,0,151.01,0,3.737134859715398,Desktop,0
458,Show Prompt,2024-01-20 01:00:00,140.55,40.55724203367115,0,140.78,1,32.27591287829553,Mobile,0
459,Show Prompt,2024-01-20 02:00:00,56.61,5.682118279817093,0,47.59,1,619.2921859129854,Mobile,1
461,Show Prompt,2024-01-20 04:00:00,78.35,20.059168788767,1,119.37,1,32.0,Mobile,0
462,No Prompt,2024-01-20 05:00:00,125.94,3.1155019211333723,0,126.9,0,137.172629732756,Desktop,0
463,No Prompt,2024-01-20 06:00:00,28.58,91.79173509426504,0,57.41,1,64.55182575659106,Tablet,1
464,No Prompt,2024-01-20 07:00:00,136.23,2.7925664894273723,0,135.12,1,22.0,Desktop,0
465,No Prompt,2024-01-20 08:00:00,203.32,30.383021097852684,0,195.88,1,109.0,Desktop,1
466,Show Prompt,2024-01-20 09:00:00,22.14,60.37637609741344,0,17.99,0,123.0,Mobile,0
467,Show Prompt,2024-01-20 10:00:00,192.71,65.2971815512489,0,184.38,1,142.0,Mobile,1
468,No Prompt,2024-01-20 11:00:00,86.69,55.27306137847962,0,89.03,1,95.0,Mobile,1
469,Show Prompt,2024-01-20 12:00:00,171.14,63.15964947096673,0,165.26,1,149.0,Desktop,1
470,No Prompt,2024-01-20 13:00:00,151.97,65.01141275784772,0,166.35,1,170.79337231431384,Desktop,0
471,Show Prompt,2024-01-20 14:00:00,114.22,21.91015814634896,0,117.13,1,235.3451980709049,Mobile,1
472,No Prompt,2024-01-20 15:00:00,151.04,17.859368144560065,0,152.21,1,101.0,Mobile,0
473,Show Prompt,2024-01-20 16:00:00,175.31,32.24759250203718,1,196.52,1,2.73866371398991,Mobile,0
474,No Prompt,2024-01-20 17:00:00,94.8,62.57914845311897,0,93.34,0,21.0,Mobile,0
475,No Prompt,2024-01-20 18:00:00,74.43,47.84120026316053,0,70.16,0,4.165051065026321,Mobile,0
476,No Prompt,2024-01-20 19:00:00,128.81,26.689209315902907,0,135.44,1,154.0,Mobile,1
477,Show Prompt,2024-01-20 20:00:00,156.98,27.5846815308525,0,157.4,0,45.0,Mobile,0
478,No Prompt,2024-01-20 21:00:00,157.07,57.1459966281286,0,152.83,1,143.89677824906758,Desktop,1
479,No Prompt,2024-01-20 22:00:00,161.12,50.02784924379708,0,161.44,1,0.998471145725488,Mobile,1
480,No Prompt,2024-01-20 23:00:00,87.81,23.776369282096788,0,88.33,1,4.849716993523799,Mobile,1
481,No Prompt,2024-01-21 00:00:00,159.96,47.304347181668064,0,165.75,1,2.624552725906997,Mobile,0
483,Show Prompt,2024-01-21 02:00:00,110.36,56.36357279807315,0,104.05,1,34.0,Mobile,1
484,No Prompt,2024-01-21 03:00:00,10.26,52.718937648376645,0,9.42,1,160.0,Mobile,0
485,No Prompt,2024-01-21 04:00:00,65.98,18.736625225769423,0,71.2,1,24.0,Mobile,0
486,No Prompt,2024-01-21 05:00:00,71.56,76.13719431355818,0,87.19,1,93.0,Mobile,0
487,Show Prompt,2024-01-21 06:00:00,79.34,54.10776740559197,0,89.7,1,71.0,Desktop,0
488,Show Prompt,2024-01-21 07:00:00,144.59,35.93297478256928,0,144.02,1,343.653467327437,Mobile,1
489,No Prompt,2024-01-21 08:00:00,87.23,37.43745209022882,0,83.14,1,129.0,Desktop,0
490,No Prompt,2024-01-21 09:00:00,100.4,64.35531985762273,0,84.18,1,217.8624119284948,Mobile,0
491,Show Prompt,2024-01-21 10:00:00,53.69,70.54708242344387,0,57.96,1,168.10371290778923,Mobile,0
492,No Prompt,2024-01-21 11:00:00,89.97,13.467547980874915,0,202.63,0,4.165051065026321,Mobile,0
493,Show Prompt,2024-01-21 12:00:00,53.21,60.33615517728703,1,96.6,1,26.0,Mobile,0
494,Show Prompt,2024-01-21 13:00:00,29.76,37.85853507124879,1,33.53,1,1.6831370742229657,Desktop,0
496,Show Prompt,2024-01-21 15:00:00,143.15,43.692259919470125,0,135.07,1,240.72451688395407,Desktop,1
497,No Prompt,2024-01-21 16:00:00,123.69,1.0,0,137.13,1,158.68990498495302,Desktop,0
498,Show Prompt,2024-01-21 17:00:00,235.26,39.85821387122645,0,84.68,1,217.8624119284948,Desktop,0
499,No Prompt,2024-01-21 18:00:00,82.16,23.3795670804994,0,207.57,1,104.0,Mobile,0
500,No Prompt,2024-01-21 19:00:00,181.07,31.824632082539388,0,175.75,1,84.0,Mobile,0
501,No Prompt,2024-01-21 20:00:00,107.41,14.25616470416194,0,100.65,1,203.06928519260936,Tablet,1
502,No Prompt,2024-01-21 21:00:00,90.06,41.660171735236005,0,97.82,1,30.0,Desktop,0
503,Show Prompt,2024-01-21 22:00:00,16.04,61.15233002940471,1,47.18,1,127.0,Mobile,0
504,No Prompt,2024-01-21 23:00:00,83.34,38.822343724083765,0,75.9,1,1.2837486159327705,Desktop,0
505,No Prompt,2024-01-22 00:00:00,83.24,59.96039377829666,0,79.82,1,228.62104955459333,Mobile,1
506,Show Prompt,2024-01-22 01:00:00,76.26,11.552930636877232,1,125.08,1,139.86228913928062,Mobile,0
507,No Prompt,2024-01-22 02:00:00,113.51,23.559847574892007,0,110.02,1,170.0,Mobile,1
508,No Prompt,2024-01-22 03:00:00,110.34,40.7621495438373,0,99.22,1,142.0,Desktop,0
509,No Prompt,2024-01-22 04:00:00,123.82,40.22316798006845,0,132.21,1,163.0,Desktop,1
510,No Prompt,2024-01-22 05:00:00,153.89,52.81646196599039,0,158.36,1,87.0,Mobile,1
511,No Prompt,2024-01-22 06:00:00,170.65,33.6948267309216,0,159.75,0,3.508912883549572,Mobile,0
512,Show Prompt,2024-01-22 07:00:00,150.9,52.81776164481361,0,166.12,1,133.13814062296908,Mobile,0
513,No Prompt,2024-01-22 08:00:00,189.5,73.54690808835778,0,199.05,0,239.37968718069183,Desktop,0
514,No Prompt,2024-01-22 09:00:00,18.0,58.74647731124884,0,8.05,1,96.8277386348866,Mobile,0
515,Show Prompt,2024-01-22 10:00:00,44.76,51.93271126074907,0,39.4,1,168.10371290778923,Mobile,0
516,Show Prompt,2024-01-22 11:00:00,7.33,1.0,1,28.07,1,4.906772487565256,Mobile,0
517,Show Prompt,2024-01-22 12:00:00,134.24,41.406162110115886,0,142.63,1,84.72427130552576,Mobile,0
518,No Prompt,2024-01-22 13:00:00,183.41,23.975771448849887,0,178.49,1,159.0,Mobile,0
519,No Prompt,2024-01-22 14:00:00,59.95,45.72583996910868,0,57.36,1,3.109524425259377,Desktop,0
520,Show Prompt,2024-01-22 15:00:00,191.86,20.394875204948963,1,224.06,1,3.423329642487388,Mobile,0
521,No Prompt,2024-01-22 16:00:00,22.39,44.66907985595925,0,22.49,1,116.0,Desktop,0
522,Show Prompt,2024-01-22 17:00:00,185.86,55.29342176775858,0,185.42,0,37.65523169134479,Mobile,1
523,No Prompt,2024-01-22 18:00:00,83.77,52.54720356065528,0,79.78,0,41.68972080113173,Mobile,0
524,No Prompt,2024-01-22 19:00:00,31.95,48.60863213931776,0,25.2,1,88.0,Mobile,1
525,No Prompt,2024-01-22 20:00:00,98.0,46.50148731310793,0,101.13,1,47.0,Desktop,0
526,Show Prompt,2024-01-22 21:00:00,61.94,30.06436371346817,1,92.9,1,100.86222774467352,Desktop,0
527,Show Prompt,2024-01-22 22:00:00,63.68,40.86737500655444,1,96.28,1,118.0,Desktop,0
528,Show Prompt,2024-01-22 23:00:00,79.53,69.29658130275101,0,82.46,1,129.0,Mobile,0
529,Show Prompt,2024-01-23 00:00:00,158.26,55.073512490508655,0,157.47,0,96.0,Mobile,1
530,No Prompt,2024-01-23 01:00:00,105.22,12.46274476463878,0,109.91,1,164.06922379800227,Desktop,1
531,No Prompt,2024-01-23 02:00:00,63.23,54.33276984313848,0,73.61,1,3.565968377591029,Desktop,0
532,No Prompt,2024-01-23 03:00:00,125.09,31.54836809872541,0,122.27,1,3.6515516186532135,Mobile,1
533,No Prompt,2024-01-23 04:00:00,144.02,46.4144544935528,0,146.45,0,131.0,Desktop,0
534,No Prompt,2024-01-23 05:00:00,63.61,28.45817841703217,0,61.89,1,103.55188715119816,Mobile,1
535,No Prompt,2024-01-23 06:00:00,87.47,17.18888917955962,0,83.47,1,97.0,Mobile,1
536,No Prompt,2024-01-23 07:00:00,31.73,37.72065169512481,0,27.27,0,126.41399210665747,Mobile,0
537,No Prompt,2024-01-23 08:00:00,34.8,21.71295022703518,0,47.8,1,1.740192568264422,Mobile,0
538,Show Prompt,2024-01-23 09:00:00,137.85,45.33101816317293,0,141.56,0,2.4819139908033563,Mobile,0
539,Show Prompt,2024-01-23 10:00:00,48.6,9.525153289950875,0,46.02,1,1.483442845077868,Mobile,1
540,Show Prompt,2024-01-23 11:00:00,104.26,1.0,0,109.64,0,90.0,Mobile,0
541,No Prompt,2024-01-23 12:00:00,145.61,8.780193211169728,0,140.89,1,2.1395810265546173,Mobile,1
542,No Prompt,2024-01-23 13:00:00,34.08,34.72701342334628,0,34.19,1,3.537440630570301,Mobile,1
543,Show Prompt,2024-01-23 14:00:00,115.57,34.094806614943046,0,117.99,0,120.0,Desktop,0
544,No Prompt,2024-01-23 15:00:00,59.16,14.148782245290365,0,54.49,1,70.0,Mobile,0
545,No Prompt,2024-01-23 16:00:00,181.82,33.27346739914032,0,184.4,1,2.653080472927725,Mobile,1
546,Show Prompt,2024-01-23 17:00:00,106.5,3.966261266102421,0,95.74,1,140.0,Mobile,0
547,Show Prompt,2024-01-23 18:00:00,157.5,40.48282556612098,0,174.03,1,4.621495017357973,Desktop,1
548,No Prompt,2024-01-23 19:00:00,111.24,4.634093657195393,0,109.6,1,217.8624119284948,Mobile,0
549,No Prompt,2024-01-23 20:00:00,24.12,36.14443897397096,0,15.01,1,24.0,Mobile,0
550,No Prompt,2024-01-23 21:00:00,131.78,57.38677281684109,0,116.43,1,2.9098301961142794,Mobile,0
552,No Prompt,2024-01-23 23:00:00,130.79,1.8428355477583336,0,124.35,1,39.0000613946071,Mobile,0
553,No Prompt,2024-01-24 00:00:00,172.39,30.19138740851333,0,158.77,1,159.0,Mobile,1
554,No Prompt,2024-01-24 01:00:00,180.76,50.94241479105988,0,170.42,0,23.0,Mobile,0
555,No Prompt,2024-01-24 02:00:00,50.98,26.93690289581708,0,53.28,0,153.31058617190376,Mobile,1
556,Show Prompt,2024-01-24 03:00:00,41.99,34.61516850793417,0,44.46,0,165.0,Desktop,0
557,Show Prompt,2024-01-24 04:00:00,130.27,26.06487714810389,0,126.92,1,99.0,Desktop,0
558,Show Prompt,2024-01-24 05:00:00,94.01,55.061648577715104,0,89.21,1,1.569026086140053,Desktop,1
559,No Prompt,2024-01-24 06:00:00,173.63,36.948590176320735,0,178.17,1,59.172506943541805,Desktop,0
560,No Prompt,2024-01-24 07:00:00,184.09,36.98177431220511,0,183.3,1,117.0,Mobile,0
561,No Prompt,2024-01-24 08:00:00,62.05,45.611146157422105,0,84.49,1,3.423329642487388,Mobile,0
562,Show Prompt,2024-01-24 09:00:00,52.85,53.01508741000153,0,60.57,1,0.7987769165803904,Desktop,1
563,Show Prompt,2024-01-24 10:00:00,153.43,46.33986618529613,0,156.15,1,80.0,Mobile,1
564,Show Prompt,2024-01-24 11:00:00,65.27,38.95790671131265,1,70.91,0,72.0,Desktop,0
565,Show Prompt,2024-01-24 12:00:00,167.09,35.32356521603578,0,170.45,1,165.0,Mobile,0
566,No Prompt,2024-01-24 13:00:00,92.63,17.101106935714824,0,88.43,1,110.27603566750972,Mobile,1
567,Show Prompt,2024-01-24 14:00:00,143.92,9.541933496991511,0,135.44,1,3.993884582901953,Desktop,0
568,Show Prompt,2024-01-24 15:00:00,27.77,47.90810973698101,0,29.31,1,3.537440630570301,Desktop,1
569,No Prompt,2024-01-24 16:00:00,124.97,13.91263863513622,0,128.73,0,30.931083175033216,Desktop,0
570,Show Prompt,2024-01-24 17:00:00,89.83,36.50813596588344,0,105.73,1,112.0,Mobile,1
571,No Prompt,2024-01-24 18:00:00,288.02,10.731591023755122,0,119.61,1,47.0,Desktop,1
572,No Prompt,2024-01-24 19:00:00,50.96,52.581060559886765,0,41.52,1,99.0,Mobile,1
573,Show Prompt,2024-01-24 20:00:00,145.9,31.7708309851938,0,153.95,1,127.7588218099198,Mobile,1
574,No Prompt,2024-01-24 21:00:00,173.47,61.60406674435571,0,172.34,1,3.851245847798311,Tablet,0
575,No Prompt,2024-01-24 22:00:00,46.23,23.655560026994145,0,51.6,0,88.0,Desktop,0
576,No Prompt,2024-01-24 23:00:00,23.98,29.55865619319116,0,22.47,0,3.337746401425203,Mobile,0
577,Show Prompt,2024-01-25 00:00:00,11.01,21.191347294425245,0,17.32,0,26.89659406524628,Desktop,1
578,No Prompt,2024-01-25 01:00:00,132.76,50.44857414666109,0,134.64,1,3.2806909073837467,Mobile,1
579,Show Prompt,2024-01-25 02:00:00,133.78,16.79319217720355,0,123.36,0,1.0269988927462164,Mobile,1
580,Show Prompt,2024-01-25 03:00:00,121.04,39.39179607691767,0,117.52,1,131.0,Mobile,0
581,Show Prompt,2024-01-25 04:00:00,50.29,17.056476587043804,1,90.59,1,110.0,Tablet,0
582,No Prompt,2024-01-25 05:00:00,70.63,41.17781388125479,0,78.56,1,143.89677824906758,Mobile,0
583,Show Prompt,2024-01-25 06:00:00,126.44,32.85190938708957,0,124.77,1,3.109524425259377,Desktop,1
584,Show Prompt,2024-01-25 07:00:00,112.82,44.211347350774666,0,94.88,1,91.44841982183732,Mobile,0
585,No Prompt,2024-01-25 08:00:00,198.78,19.761216506615053,0,200.4,1,76.65529308595188,Desktop,0
586,Show Prompt,2024-01-25 09:00:00,38.48,33.49760591338813,0,37.03,1,228.62104955459333,Mobile,1
587,Show Prompt,2024-01-25 10:00:00,145.25,17.084613781979098,0,145.21,1,169.0,Desktop,0
588,Show Prompt,2024-01-25 11:00:00,83.64,9.717668055493403,1,120.55,1,151.0,Mobile,0
589,Show Prompt,2024-01-25 12:00:00,101.13,15.17661896398193,0,83.21,0,104.89671685446048,Desktop,0
590,Show Prompt,2024-01-25 13:00:00,147.94,15.184638148137145,0,153.76,0,87.0,Tablet,1
591,Show Prompt,2024-01-25 14:00:00,132.11,51.51686758521558,0,140.66,0,200.3796257860848,Desktop,0
592,No Prompt,2024-01-25 15:00:00,188.77,11.368885062181285,0,196.01,1,91.44841982183732,Mobile,1
593,Show Prompt,2024-01-25 16:00:00,35.98,59.54575411470847,0,28.48,1,195.0003069730355,Desktop,0
594,Show Prompt,2024-01-25 17:00:00,42.34,33.88371808157474,0,31.23,1,178.0,Mobile,1
595,No Prompt,2024-01-25 18:00:00,148.86,40.24882283043833,0,133.16,1,130.0,Desktop,0
596,Show Prompt,2024-01-25 19:00:00,114.16,15.510690251206462,1,145.91,1,67.0,Desktop,0
597,No Prompt,2024-01-25 20:00:00,65.98,2.203923124782733,0,151.12,1,70.0,Mobile,1
598,Show Prompt,2024-01-25 21:00:00,18.65,27.22016665179706,0,25.55,1,1.7687203152851505,Mobile,1
599,Show Prompt,2024-01-25 22:00:00,31.02,8.924303430027244,1,36.17,0,117.0,Mobile,0
600,Show Prompt,2024-01-25 23:00:00,185.9,27.41018125400564,0,176.52,1,143.0,Mobile,1
601,Show Prompt,2024-01-26 00:00:00,46.38,27.926835437311688,0,39.55,1,99.0,Desktop,0
602,Show Prompt,2024-01-26 01:00:00,77.88,65.83783868896896,0,70.88,1,130.0,Mobile,1
603,Show Prompt,2024-01-26 02:00:00,56.28,63.36550276623001,0,64.47,0,162.0,Mobile,1
604,Show Prompt,2024-01-26 03:00:00,91.78,35.884772563890444,0,86.23,0,1.3122763629534986,Mobile,0
605,Show Prompt,2024-01-26 04:00:00,35.44,1.0,0,22.67,0,177.0,Mobile,1
606,Show Prompt,2024-01-26 05:00:00,103.01,39.446253743598895,0,109.55,0,132.0,Mobile,0
607,Show Prompt,2024-01-26 06:00:00,21.02,45.79544727941254,1,78.05,1,141.20711884254294,Desktop,0
608,Show Prompt,2024-01-26 07:00:00,159.36,38.17422698397077,0,166.96,1,178.86235053388774,Mobile,1
609,No Prompt,2024-01-26 08:00:00,50.54,22.99523911464818,0,53.87,1,192.31064756651088,Desktop,1
610,No Prompt,2024-01-26 09:00:00,119.04,8.714386027531827,0,113.1,1,91.44841982183732,Mobile,0
611,Show Prompt,2024-01-26 10:00:00,177.57,42.45707553136046,0,182.11,1,95.0,Mobile,0
612,No Prompt,2024-01-26 11:00:00,128.92,39.71266041575491,0,141.0,1,196.97627669062305,Desktop,0
613,No Prompt,2024-01-26 12:00:00,111.01,34.16993871146938,0,124.6,0,100.86222774467352,Mobile,1
614,Show Prompt,2024-01-26 13:00:00,69.67,49.88478318704156,0,70.18,0,153.31058617190376,Mobile,0
615,No Prompt,2024-01-26 14:00:00,73.16,23.058760540107784,0,62.09,0,63.0,Mobile,0
616,No Prompt,2024-01-26 15:00:00,155.88,38.04819479472398,0,135.83,0,178.0,Mobile,0
617,Show Prompt,2024-01-26 16:00:00,185.14,27.266501156927312,0,205.61,1,3.0239411841971924,Mobile,0
618,Show Prompt,2024-01-26 17:00:00,134.96,53.50132565247691,0,137.59,1,2.938357943135008,Mobile,0
619,No Prompt,2024-01-26 18:00:00,117.51,29.51831515489696,0,104.12,1,228.62104955459333,Mobile,0
620,No Prompt,2024-01-26 19:00:00,154.2,62.56708181227128,0,141.89,1,235.3451980709049,Mobile,0
621,Show Prompt,2024-01-26 20:00:00,88.52,13.895692431679354,0,96.12,1,0.998471145725488,Mobile,0
622,Show Prompt,2024-01-26 21:00:00,21.31,26.052471710244788,1,36.26,1,4.792661499482342,Mobile,1
623,Show Prompt,2024-01-26 22:00:00,114.99,69.36654455661258,0,117.61,0,164.0,Mobile,0
624,Show Prompt,2024-01-26 23:00:00,183.19,7.981473591589715,0,191.45,1,75.31046338268958,Mobile,1
625,No Prompt,2024-01-27 00:00:00,46.69,21.65660802878141,0,50.94,1,129.10365151318211,Tablet,1
626,Show Prompt,2024-01-27 01:00:00,127.77,22.198467090584145,1,172.16,1,4.735606005440887,Mobile,1
627,Show Prompt,2024-01-27 02:00:00,46.26,45.60649068338825,0,41.96,1,177.0,Desktop,1
628,No Prompt,2024-01-27 03:00:00,103.43,36.61821713339049,0,112.85,1,86.06910100878808,Mobile,0
629,Show Prompt,2024-01-27 04:00:00,21.26,45.6024409795049,0,21.33,1,4.707078258420158,Desktop,0
630,Show Prompt,2024-01-27 05:00:00,91.5,17.110789446939762,0,99.16,0,81.0,Mobile,0
631,No Prompt,2024-01-27 06:00:00,150.81,57.10572890905371,0,148.16,1,119.0,Tablet,0
632,No Prompt,2024-01-27 07:00:00,91.71,33.53910568493039,0,75.08,1,71.0,Desktop,1
633,No Prompt,2024-01-27 08:00:00,130.78,78.17332725027529,0,142.32,1,101.14997992221184,Mobile,1
634,No Prompt,2024-01-27 09:00:00,166.64,39.95330859207067,0,163.96,1,3.6515516186532135,Desktop,1
635,Show Prompt,2024-01-27 10:00:00,183.27,46.08104996562591,1,193.62,0,63.0,Mobile,0
636,Show Prompt,2024-01-27 11:00:00,51.39,27.60140473961756,0,50.92,1,26.0,Mobile,1
637,No Prompt,2024-01-27 12:00:00,84.69,18.613764135286686,0,87.33,0,182.89683964367467,Desktop,0
638,Show Prompt,2024-01-27 13:00:00,42.13,1.0,1,52.1,1,117.0001841838213,Desktop,0
640,Show Prompt,2024-01-27 15:00:00,183.45,66.1618547500892,0,186.54,1,88.0,Mobile,1
641,Show Prompt,2024-01-27 16:00:00,274.42,32.34945640551286,1,123.18,1,74.0,Desktop,0
642,Show Prompt,2024-01-27 17:00:00,176.44,26.3716268102372,0,164.42,1,0.8273046636011187,Desktop,1
643,Show Prompt,2024-01-27 18:00:00,114.06,2.0233492982370223,0,111.38,1,61.0,Desktop,1
644,Show Prompt,2024-01-27 19:00:00,119.53,65.20185551730202,0,134.48,1,60.0,Desktop,1
645,Show Prompt,2024-01-27 20:00:00,32.08,56.86444238016776,0,29.29,1,141.0,Mobile,0
646,No Prompt,2024-01-27 21:00:00,145.09,24.75716564505451,0,153.31,1,157.0,Desktop,1
647,No Prompt,2024-01-27 22:00:00,31.73,48.28892758005171,0,43.76,1,39.0000613946071,Mobile,1
648,No Prompt,2024-01-27 23:00:00,160.07,36.51149923500762,0,172.36,1,3.451857389508116,Mobile,0
649,No Prompt,2024-01-28 00:00:00,154.16,20.295173226311498,0,147.57,0,147.0,Mobile,0
650,Show Prompt,2024-01-28 01:00:00,143.2,89.40731360787818,1,169.59,1,168.0,Mobile,0
651,Show Prompt,2024-01-28 02:00:00,10.67,1.0,0,21.63,1,208.44860400565864,Mobile,0
652,No Prompt,2024-01-28 03:00:00,65.5,14.376845819299009,0,67.72,1,3.1665799193008337,Desktop,0
653,No Prompt,2024-01-28 04:00:00,66.34,40.53956676389446,0,65.21,0,132.0,Mobile,1
654,No Prompt,2024-01-28 05:00:00,80.77,48.43176899270297,0,84.98,1,97.0,Mobile,0
655,Show Prompt,2024-01-28 06:00:00,25.95,45.24756351945863,0,24.81,1,139.86228913928062,Desktop,0
656,Show Prompt,2024-01-28 07:00:00,184.69,22.60150387060449,0,191.91,0,1.3978596040156832,Mobile,1
657,Show Prompt,2024-01-28 08:00:00,113.62,44.9698544318172,0,114.53,1,68.0,Mobile,0
658,Show Prompt,2024-01-28 09:00:00,74.85,76.47438771120622,0,65.24,1,28.0,Mobile,1
659,No Prompt,2024-01-28 10:00:00,82.25,63.93875896543342,0,86.5,1,220.55207133501943,Tablet,0
660,No Prompt,2024-01-28 11:00:00,97.9,13.442790421410947,0,89.66,1,118.3450138870836,Mobile,0
661,Show Prompt,2024-01-28 12:00:00,120.36,15.779527964107992,0,132.33,1,77.0,Mobile,0
662,No Prompt,2024-01-28 13:00:00,124.13,41.53756559602246,0,114.25,1,81.0,Mobile,0
663,No Prompt,2024-01-28 14:00:00,188.74,61.83510977487575,0,182.79,1,2.0254700384717044,Mobile,0
664,Show Prompt,2024-01-28 15:00:00,109.07,65.11041965333472,0,103.3,0,79.34495249247651,Mobile,1
665,Show Prompt,2024-01-28 16:00:00,193.02,37.280463393640176,0,204.38,1,110.27603566750972,Mobile,0
666,Show Prompt,2024-01-28 17:00:00,167.99,53.577417691883184,0,173.08,1,223.24173074154407,Mobile,1
667,Show Prompt,2024-01-28 18:00:00,56.85,72.79557174139572,0,57.41,1,69.0,Tablet,0
668,Show Prompt,2024-01-28 19:00:00,181.53,41.715766631863474,0,186.89,1,160.0,Mobile,0
669,Show Prompt,2024-01-28 20:00:00,39.51,47.02200825250373,1,49.04,1,97.0,Mobile,1
670,Show Prompt,2024-01-28 21:00:00,161.17,43.26273010555375,0,165.48,1,156.0002455784284,Mobile,0
671,Show Prompt,2024-01-28 22:00:00,89.61,22.03262821116381,0,78.57,0,1.7687203152851505,Mobile,1
672,No Prompt,2024-01-28 23:00:00,173.25,58.16225970576494,0,171.78,0,55.0,Desktop,1
673,Show Prompt,2024-01-29 00:00:00,172.66,20.688100708367944,0,182.57,1,4.02241232992268,Mobile,1
674,No Prompt,2024-01-29 01:00:00,162.53,49.0959937453862,0,161.46,1,127.0,Mobile,0
675,Show Prompt,2024-01-29 02:00:00,164.86,35.01762817125991,1,174.56,1,39.0000613946071,Desktop,0
676,No Prompt,2024-01-29 03:00:00,67.9,35.43767331398446,0,66.34,1,3.2521631603630183,Mobile,1
677,Show Prompt,2024-01-29 04:00:00,23.84,34.89688230364772,0,23.93,1,25.0,Mobile,1
678,Show Prompt,2024-01-29 05:00:00,73.05,13.338253972945267,0,87.1,1,76.0,Mobile,0
679,No Prompt,2024-01-29 06:00:00,43.5,35.699327591480404,0,48.84,1,148.0,Mobile,0
680,No Prompt,2024-01-29 07:00:00,144.97,45.66482459693324,0,141.99,0,90.0,Mobile,0
681,No Prompt,2024-01-29 08:00:00,75.66,23.01858615406476,0,72.93,0,1.1411098808291291,Mobile,0
682,Show Prompt,2024-01-29 09:00:00,188.49,50.73280371028488,0,198.88,1,111.0,Mobile,0
683,Show Prompt,2024-01-29 10:00:00,129.65,6.415845020641164,0,125.5,1,146.0,Desktop,0
684,No Prompt,2024-01-29 11:00:00,164.42,57.07918365729165,0,161.05,1,99.0,Mobile,1
685,No Prompt,2024-01-29 12:00:00,36.07,54.82155536525595,0,13.28,1,100.86222774467352,Mobile,1
686,No Prompt,2024-01-29 13:00:00,171.19,17.794805617932795,0,176.37,1,3.851245847798311,Mobile,1
688,Show Prompt,2024-01-29 15:00:00,256.69,17.669742891724244,1,166.16,1,1.255220868912042,Mobile,0
689,No Prompt,2024-01-29 16:00:00,111.77,54.78679472577999,0,116.97,1,175.0,Desktop,1
690,Show Prompt,2024-01-29 17:00:00,154.97,62.02378762485632,0,151.87,1,32.27591287829553,Desktop,1
691,Show Prompt,2024-01-29 18:00:00,46.4,67.86026116835399,0,38.96,1,139.0,Tablet,1
692,Show Prompt,2024-01-29 19:00:00,104.73,46.82001590145583,0,103.62,1,53.79318813049255,Desktop,1
693,No Prompt,2024-01-29 20:00:00,86.58,41.0112841951871,0,85.71,0,37.0,Mobile,0
694,Show Prompt,2024-01-29 21:00:00,39.11,17.87193574196457,0,49.53,1,102.20705744793584,Mobile,1
695,Show Prompt,2024-01-29 22:00:00,75.9,9.753042724742638,0,81.31,1,112.0,Mobile,0
696,No Prompt,2024-01-29 23:00:00,32.82,46.40544269862779,0,18.29,1,1.0840543867876729,Mobile,0
697,Show Prompt,2024-01-30 00:00:00,9.87,52.29592760559499,0,14.91,1,147.0,Desktop,1
698,No Prompt,2024-01-30 01:00:00,29.44,15.915872347089568,0,32.99,1,116.0,Mobile,0
699,Show Prompt,2024-01-30 02:00:00,192.79,21.690094765628658,1,226.86,1,4.279162053109235,Desktop,0
700,Show Prompt,2024-01-30 03:00:00,101.07,30.30638910293785,0,130.67,1,1.1411098808291291,Mobile,0
701,No Prompt,2024-01-30 04:00:00,195.12,48.17227882038571,0,195.53,0,79.34495249247651,Desktop,0
702,Show Prompt,2024-01-30 05:00:00,89.11,45.355187018394375,0,96.94,1,115.65535448055898,Desktop,1
703,Show Prompt,2024-01-30 06:00:00,77.09,57.00655433046366,0,60.8,1,4.906772487565256,Desktop,0
704,Show Prompt,2024-01-30 07:00:00,106.99,49.71980250429706,1,158.08,1,146.0,Desktop,0
705,Show Prompt,2024-01-30 08:00:00,85.0,53.311314390673175,1,103.73,1,2.111053279533889,Mobile,0
706,No Prompt,2024-01-30 09:00:00,33.03,59.16042705412831,0,44.37,1,128.0,Desktop,0
707,Show Prompt,2024-01-30 10:00:00,122.56,26.95028654552924,0,125.4,1,117.0,Tablet,0
708,No Prompt,2024-01-30 11:00:00,51.54,69.39363502784227,0,55.83,1,131.0,Desktop,1
710,No Prompt,2024-01-30 13:00:00,128.17,1.0,0,130.44,1,136.0,Desktop,1
711,No Prompt,2024-01-30 14:00:00,40.21,25.5857123741863,0,40.98,1,106.0,Desktop,1
712,No Prompt,2024-01-30 15:00:00,25.28,22.692747944536805,0,21.65,1,134.48297032623137,Mobile,1
713,Show Prompt,2024-01-30 16:00:00,160.63,40.590037951745714,0,154.8,1,2.4248584967619,Desktop,0
714,Show Prompt,2024-01-30 17:00:00,90.22,17.802169031517245,0,94.4,0,38.0,Mobile,0
715,Show Prompt,2024-01-30 18:00:00,17.37,25.31700825515431,0,28.99,1,4.393273041192147,Mobile,1
716,No Prompt,2024-01-30 19:00:00,212.76,31.126044372275835,0,186.87,1,137.0,Mobile,0
717,No Prompt,2024-01-30 20:00:00,20.64,1.0,0,12.82,1,61.0,Mobile,1
718,No Prompt,2024-01-30 21:00:00,142.89,18.23270339911143,0,147.62,1,82.03461189900113,Mobile,1
719,Show Prompt,2024-01-30 22:00:00,199.87,4.210810653245488,1,247.49,1,78.0,Mobile,1
720,No Prompt,2024-01-30 23:00:00,63.02,45.745126760760144,0,60.23,0,1.112582133808401,Mobile,1
721,No Prompt,2024-01-31 00:00:00,43.04,31.52947557711829,0,43.05,1,92.0,Mobile,0
722,Show Prompt,2024-01-31 01:00:00,28.52,55.56897506946893,0,34.41,1,36.0,Mobile,0
723,Show Prompt,2024-01-31 02:00:00,67.12,34.42343046062095,0,61.48,1,1.3122763629534986,Desktop,1
724,No Prompt,2024-01-31 03:00:00,27.19,27.46541519114176,0,30.47,1,21.0,Tablet,0
725,No Prompt,2024-01-31 04:00:00,145.1,74.65452435853595,0,143.16,1,82.0,Desktop,0
726,No Prompt,2024-01-31 05:00:00,21.1,72.92601591041785,0,21.25,1,108.9312059642474,Tablet,1
727,Show Prompt,2024-01-31 06:00:00,106.24,40.89303360104582,0,104.67,1,3.39480189546666,Desktop,0
728,No Prompt,2024-01-31 07:00:00,191.56,82.9213038571689,0,192.33,1,38.0,Mobile,1
729,Show Prompt,2024-01-31 08:00:00,167.55,42.402404261837866,0,168.84,1,1.0269988927462164,Desktop,1
730,Show Prompt,2024-01-31 09:00:00,129.4,32.910984866899085,0,129.06,1,118.3450138870836,Desktop,0
731,Show Prompt,2024-01-31 10:00:00,65.38,23.25311796357787,1,119.82,1,136.0,Mobile,1
732,No Prompt,2024-01-31 11:00:00,119.87,8.891562988943605,0,129.55,1,2.852774702072823,Mobile,1
733,No Prompt,2024-01-31 12:00:00,103.07,49.52778253517818,0,101.8,1,58.0,Desktop,1
734,No Prompt,2024-01-31 13:00:00,89.21,67.1835382321459,0,90.84,1,55.0,Mobile,0
735,Show Prompt,2024-01-31 14:00:00,30.46,74.21147802435848,1,49.62,1,4.307689800129963,Desktop,0
736,No Prompt,2024-01-31 15:00:00,178.77,39.48604693211834,0,173.79,1,172.0,Mobile,1
737,Show Prompt,2024-01-31 16:00:00,88.6,43.44866302565299,1,111.07,1,238.0348574774296,Mobile,0
738,No Prompt,2024-01-31 17:00:00,40.88,57.353773340520846,0,54.31,1,48.0,Mobile,0
739,Show Prompt,2024-01-31 18:00:00,82.43,71.91829545037946,1,98.31,1,70.0,Mobile,1
740,Show Prompt,2024-01-31 19:00:00,81.24,55.88614581720277,0,86.21,0,171.0,Mobile,0
741,Show Prompt,2024-01-31 20:00:00,170.83,51.25017361641493,0,166.86,1,33.0,Desktop,0
742,Show Prompt,2024-01-31 21:00:00,144.66,1.0,0,140.4,1,88.0,Desktop,0
743,No Prompt,2024-01-31 22:00:00,143.59,17.085015761273024,0,153.82,1,221.89690103828173,Desktop,0
744,No Prompt,2024-01-31 23:00:00,0.49,46.02952201652282,0,9.4,1,2.1681087735753457,Mobile,1
745,Show Prompt,2024-02-01 00:00:00,82.71,24.319049954663715,1,123.13,1,31.0,Desktop,0
746,No Prompt,2024-02-01 01:00:00,112.77,12.467525906940324,0,105.63,1,36.0,Mobile,0
747,Show Prompt,2024-02-01 02:00:00,13.25,42.95215273393355,1,57.39,0,1.3978596040156832,Mobile,1
748,No Prompt,2024-02-01 03:00:00,66.89,35.92986269021736,0,60.73,1,107.0,Mobile,1
749,No Prompt,2024-02-01 04:00:00,154.74,25.81583488092456,0,169.21,1,118.0,Mobile,1
750,No Prompt,2024-02-01 05:00:00,88.01,22.9806750837024,0,42.81,1,42.0,Mobile,0
751,Show Prompt,2024-02-01 06:00:00,107.62,53.99614144414957,0,117.3,1,148.0,Mobile,0
752,No Prompt,2024-02-01 07:00:00,47.04,12.769945747966748,0,55.59,1,98.0,Desktop,1
753,No Prompt,2024-02-01 08:00:00,10.96,37.471008260200975,0,6.48,0,1.4549150980571397,Desktop,0
754,Show Prompt,2024-02-01 09:00:00,54.44,29.981125994287307,1,79.99,1,0.7987769165803904,Mobile,1
755,Show Prompt,2024-02-01 10:00:00,198.16,28.491510348443125,0,192.28,1,0.96994339870476,Mobile,0
756,No Prompt,2024-02-01 11:00:00,163.69,11.885557841023964,0,160.97,0,4.99235572862744,Mobile,0
757,No Prompt,2024-02-01 12:00:00,184.89,32.9608005885347,0,189.33,1,171.0,Mobile,1
758,No Prompt,2024-02-01 13:00:00,101.27,41.19359568620491,0,95.42,1,1.3122763629534986,Desktop,1
759,No Prompt,2024-02-01 14:00:00,28.74,41.91559050087271,0,25.33,1,3.6515516186532135,Mobile,1
760,No Prompt,2024-02-01 15:00:00,111.53,42.86787711364596,0,122.3,1,95.0,Desktop,0
761,Show Prompt,2024-02-01 16:00:00,97.78,23.193238632340552,1,109.92,1,4.764133752461615,Desktop,0
763,Show Prompt,2024-02-01 18:00:00,20.6,46.48928621691823,0,30.3,0,128.0,Tablet,0
764,No Prompt,2024-02-01 19:00:00,99.4,24.583208058351808,0,247.74,1,199.0347960828224,Mobile,0
765,Show Prompt,2024-02-01 20:00:00,36.07,50.024515055855474,0,38.42,1,0.8273046636011187,Mobile,0
766,No Prompt,2024-02-01 21:00:00,77.2,46.48532744023267,0,78.39,1,88.75876041531271,Mobile,0
767,No Prompt,2024-02-01 22:00:00,153.44,88.22799628741186,0,148.58,1,142.0,Mobile,1
768,No Prompt,2024-02-01 23:00:00,100.46,34.10181175467137,0,96.36,1,2.225164267616802,Mobile,1
769,Show Prompt,2024-02-02 00:00:00,74.66,37.36621704563386,1,133.4,1,115.0,Mobile,1
770,No Prompt,2024-02-02 01:00:00,81.35,45.75320749994862,0,79.02,1,122.0,Desktop,0
771,Show Prompt,2024-02-02 02:00:00,97.53,25.85883226485052,1,105.16,0,143.0,Desktop,1
772,No Prompt,2024-02-02 03:00:00,157.56,27.475396561772325,0,161.11,0,141.20711884254294,Desktop,0
773,Show Prompt,2024-02-02 04:00:00,180.65,36.96268544422765,0,178.99,0,4.707078258420158,Mobile,0
774,Show Prompt,2024-02-02 05:00:00,188.95,20.43723852675829,0,201.6,1,131.0,Desktop,1
775,No Prompt,2024-02-02 06:00:00,158.39,16.244967249294277,0,159.16,1,179.0,Desktop,0
776,Show Prompt,2024-02-02 07:00:00,69.3,58.59023093902344,0,64.59,1,46.0,Desktop,0
777,Show Prompt,2024-02-02 08:00:00,143.59,21.90933221076164,0,142.29,1,37.0,Desktop,0
778,No Prompt,2024-02-02 09:00:00,103.61,25.027668506183268,0,86.97,1,2.8813024490935515,Desktop,0
779,No Prompt,2024-02-02 10:00:00,64.48,17.62578489280879,0,57.99,1,91.0,Mobile,1
780,No Prompt,2024-02-02 11:00:00,165.48,4.748437280652055,0,169.56,1,73.0,Desktop,1
781,No Prompt,2024-02-02 12:00:00,17.27,19.7933489962542,0,12.14,1,90.0,Mobile,1
782,No Prompt,2024-02-02 13:00:00,180.59,48.20715633143556,0,183.15,1,4.707078258420158,Tablet,0
783,Show Prompt,2024-02-02 14:00:00,93.32,8.330469542615834,0,92.36,0,57.0,Mobile,1
784,Show Prompt,2024-02-02 15:00:00,129.08,29.891594532437622,0,129.2,1,156.0,Mobile,0
785,Show Prompt,2024-02-02 16:00:00,140.52,46.25981459221468,1,154.3,1,1.5404983391193243,Mobile,0
786,No Prompt,2024-02-02 17:00:00,181.46,42.58729176502255,0,174.27,1,101.0,Desktop,1
787,No Prompt,2024-02-02 18:00:00,138.6,16.461521445486003,0,142.23,1,152.0,Mobile,0
788,Show Prompt,2024-02-02 19:00:00,115.77,37.748383181529306,0,122.32,0,161.0,Mobile,1
789,Show Prompt,2024-02-02 20:00:00,30.1,37.50397932267644,0,16.79,1,177.0,Tablet,0
790,No Prompt,2024-02-02 21:00:00,100.14,16.29879650673498,0,118.23,1,30.931083175033216,Desktop,1
791,Show Prompt,2024-02-02 22:00:00,38.18,57.56619442771373,1,72.94,1,172.0,Mobile,1
792,No Prompt,2024-02-02 23:00:00,150.87,12.299731178379115,0,152.67,0,175.0,Mobile,0
793,No Prompt,2024-02-03 00:00:00,108.21,41.169109977850205,0,103.96,1,227.27621985133104,Desktop,0
794,No Prompt,2024-02-03 01:00:00,143.11,69.55650991462778,0,145.88,0,178.0,Desktop,1
795,Show Prompt,2024-02-03 02:00:00,18.67,1.0,0,23.5,1,1.1981653748705856,Mobile,0
796,No Prompt,2024-02-03 03:00:00,22.69,18.99817691762559,0,22.46,1,67.0,Desktop,0
797,No Prompt,2024-02-03 04:00:00,146.47,30.78553234755661,0,145.1,1,167.0,Mobile,1
798,No Prompt,2024-02-03 05:00:00,26.29,58.96854687694402,0,24.93,0,193.6554772697732,Desktop,0
799,No Prompt,2024-02-03 06:00:00,20.11,15.302311750400335,0,17.2,1,99.5173980414112,Desktop,1
800,No Prompt,2024-02-03 07:00:00,11.27,13.000893078230844,0,4.57,1,311.4359547654898,Mobile,0
801,No Prompt,2024-02-03 08:00:00,186.9,23.15856497844204,0,191.27,1,3.0524689312179207,Mobile,0
802,Show Prompt,2024-02-03 09:00:00,158.0,9.667498667687624,0,148.08,1,0.5705549404145647,Desktop,1
803,No Prompt,2024-02-03 10:00:00,80.47,40.648742014966246,0,75.16,1,154.0,Desktop,0
804,No Prompt,2024-02-03 11:00:00,67.51,33.927832318196,0,60.76,0,114.0,Mobile,0
805,Show Prompt,2024-02-03 12:00:00,78.65,48.06718942293321,0,80.34,1,159.0,Desktop,0
806,No Prompt,2024-02-03 13:00:00,155.11,33.61165582996216,0,152.7,1,3.565968377591029,Desktop,0
807,No Prompt,2024-02-03 14:00:00,137.66,11.240612644986744,0,128.78,1,152.0,Mobile,0
808,No Prompt,2024-02-03 15:00:00,42.53,49.59835567289116,0,44.61,1,3.623023871632485,Desktop,0
809,Show Prompt,2024-02-03 16:00:00,40.06,27.18621914275384,0,40.59,1,61.0,Mobile,0
810,Show Prompt,2024-02-03 17:00:00,32.16,23.812662328866708,0,33.53,1,3.451857389508116,Desktop,0
811,No Prompt,2024-02-03 18:00:00,140.89,25.65760241290236,0,140.79,1,192.31064756651088,Mobile,1
812,No Prompt,2024-02-03 19:00:00,150.48,41.64822125491983,0,146.97,1,213.8279228187079,Mobile,1
813,Show Prompt,2024-02-03 20:00:00,64.33,34.01396292564482,0,68.27,1,164.06922379800227,Mobile,0
814,No Prompt,2024-02-03 21:00:00,6.52,33.2830859042116,0,14.65,1,590.6543969690323,Desktop,1
815,No Prompt,2024-02-03 22:00:00,17.56,18.8151346092161,0,21.94,1,2.653080472927725,Desktop,1
816,No Prompt,2024-02-03 23:00:00,197.63,77.83584216592352,0,198.62,0,127.0,Desktop,0
817,No Prompt,2024-02-04 00:00:00,71.33,42.46609550656924,0,70.38,0,189.62098815998624,Desktop,1
818,Show Prompt,2024-02-04 01:00:00,162.8,46.55061562744121,1,182.34,0,36.0,Mobile,0
819,Show Prompt,2024-02-04 02:00:00,133.46,61.18053880472539,0,125.84,0,90.0,Tablet,1
820,Show Prompt,2024-02-04 03:00:00,72.63,17.89967286500189,0,88.47,1,2.3107475086789866,Mobile,0
821,No Prompt,2024-02-04 04:00:00,45.37,39.797613684326464,0,53.01,0,80.68978219573883,Desktop,0
822,Show Prompt,2024-02-04 05:00:00,33.74,1.0,0,31.56,1,138.0,Mobile,1
823,Show Prompt,2024-02-04 06:00:00,122.16,24.76367828285516,0,130.74,1,1.8257758093266068,Desktop,0
824,Show Prompt,2024-02-04 07:00:00,156.49,67.3915725153405,0,160.04,1,103.55188715119816,Desktop,0
825,No Prompt,2024-02-04 08:00:00,145.25,37.06497497334534,0,137.9,1,4.136523318005594,Desktop,0
826,No Prompt,2024-02-04 09:00:00,110.38,2.758985938743571,0,109.18,0,1.7972480623058786,Mobile,0
827,Show Prompt,2024-02-04 10:00:00,30.02,61.94973712222989,0,16.42,0,45.72420991091867,Mobile,1
828,Show Prompt,2024-02-04 11:00:00,196.58,40.933241763911255,1,243.06,1,2.7671914610106385,Mobile,1
829,No Prompt,2024-02-04 12:00:00,169.08,65.45726402160491,0,149.31,0,119.68984359034592,Desktop,0
830,Show Prompt,2024-02-04 13:00:00,71.37,1.0,0,80.05,1,161.37956439147766,Mobile,0
831,Show Prompt,2024-02-04 14:00:00,197.77,21.542575621659694,1,210.62,1,179.0,Desktop,1
832,Show Prompt,2024-02-04 15:00:00,111.41,55.85255298974625,0,125.25,1,0.627610434456021,Mobile,0
833,Show Prompt,2024-02-04 16:00:00,123.56,16.09568555024671,0,116.41,1,141.20711884254294,Mobile,1
834,Show Prompt,2024-02-04 17:00:00,149.82,6.623438426930019,1,204.41,0,125.06916240339518,Desktop,0
836,Show Prompt,2024-02-04 19:00:00,143.33,45.92345026210487,1,173.85,0,86.0,Tablet,0
837,No Prompt,2024-02-04 20:00:00,27.97,57.42061582700201,0,34.18,1,95.0,Desktop,0
838,Show Prompt,2024-02-04 21:00:00,74.04,38.4775881532951,0,76.38,0,112.0,Mobile,0
839,No Prompt,2024-02-04 22:00:00,203.99,51.04354209624708,0,192.42,1,220.55207133501943,Mobile,0
840,No Prompt,2024-02-04 23:00:00,48.75,52.03445592739877,0,55.37,0,26.0,Mobile,0
841,Show Prompt,2024-02-05 00:00:00,77.53,5.29589437310646,0,65.68,1,32.0,Mobile,0
842,No Prompt,2024-02-05 01:00:00,89.28,41.67603506696783,0,85.16,1,186.93132875346163,Desktop,0
843,Show Prompt,2024-02-05 02:00:00,94.15,15.891130683665867,0,96.75,1,114.31052477729666,Mobile,0
844,No Prompt,2024-02-05 03:00:00,130.0,11.183105187212371,0,126.97,1,23.0,Mobile,0
845,Show Prompt,2024-02-05 04:00:00,184.13,20.53669751219783,0,187.42,1,157.0,Mobile,0
846,Show Prompt,2024-02-05 05:00:00,49.06,17.021060435877054,1,72.57,1,107.0,Mobile,0
847,Show Prompt,2024-02-05 06:00:00,103.33,21.989945876564,1,39.62,1,48.41386931744329,Mobile,1
848,No Prompt,2024-02-05 07:00:00,41.41,6.309100504287141,0,51.5,1,71.0,Desktop,1
849,No Prompt,2024-02-05 08:00:00,183.99,38.033309493685785,0,179.38,1,153.0,Desktop,0
850,No Prompt,2024-02-05 09:00:00,131.05,4.9200249286727775,0,138.4,1,88.0,Desktop,0
851,Show Prompt,2024-02-05 10:00:00,68.56,38.97350787685839,1,95.33,1,156.0,Desktop,0
852,No Prompt,2024-02-05 11:00:00,166.13,16.768020353833585,0,161.78,1,1.1411098808291291,Mobile,1
853,Show Prompt,2024-02-05 12:00:00,167.58,60.144661390168096,0,163.66,1,1.226693121891314,Desktop,0
854,No Prompt,2024-02-05 13:00:00,177.21,20.681017723923475,0,167.47,0,30.931083175033216,Mobile,0
855,Show Prompt,2024-02-05 14:00:00,186.43,31.94612401972434,0,189.34,0,171.0,Mobile,1
856,Show Prompt,2024-02-05 15:00:00,59.8,13.46734126161356,0,49.32,1,22.0,Mobile,0
857,Show Prompt,2024-02-05 16:00:00,158.58,32.65046479757635,0,154.44,0,117.0001841838213,Mobile,0
858,Show Prompt,2024-02-05 17:00:00,95.77,31.56976550644674,1,147.23,0,120.0,Desktop,0
859,No Prompt,2024-02-05 18:00:00,164.38,30.268886729044468,0,173.58,0,98.1725683381489,Mobile,1
860,Show Prompt,2024-02-05 19:00:00,138.55,38.900769726463146,0,155.05,1,54.0,Desktop,0
861,No Prompt,2024-02-05 20:00:00,162.13,34.36147667078931,0,155.92,1,100.86222774467352,Mobile,1
862,Show Prompt,2024-02-05 21:00:00,122.79,58.64388782443373,0,152.02,1,170.79337231431384,Mobile,1
863,No Prompt,2024-02-05 22:00:00,33.16,28.266444631799168,0,39.59,1,79.34495249247651,Desktop,0
864,Show Prompt,2024-02-05 23:00:00,123.7,59.10331581452783,0,113.01,1,87.0,Mobile,0
865,Show Prompt,2024-02-06 00:00:00,191.28,40.781191792608496,0,187.75,1,1.854303556347335,Mobile,0
866,No Prompt,2024-02-06 01:00:00,189.35,64.68543403181474,0,191.83,0,97.0,Mobile,1
867,Show Prompt,2024-02-06 02:00:00,20.94,16.97086062589887,0,16.26,0,215.1727525219702,Desktop,1
868,Show Prompt,2024-02-06 03:00:00,42.22,27.71412450714206,0,34.67,1,174.0,Desktop,0
869,No Prompt,2024-02-06 04:00:00,37.44,17.819882187911396,0,34.84,1,0.7131936755182058,Mobile,1
871,Show Prompt,2024-02-06 06:00:00,162.63,23.760490852530545,1,215.69,0,158.68990498495302,Desktop,0
872,Show Prompt,2024-02-06 07:00:00,51.41,9.488139712168774,0,62.4,1,2.852774702072823,Desktop,1
873,No Prompt,2024-02-06 08:00:00,95.95,56.22817526348992,0,102.56,1,0.5990826874352928,Desktop,1
874,Show Prompt,2024-02-06 09:00:00,172.56,36.43361539507,0,170.39,1,2.73866371398991,Mobile,0
875,Show Prompt,2024-02-06 10:00:00,148.1,30.43701713780961,0,159.74,1,114.31052477729666,Desktop,1
876,Show Prompt,2024-02-06 11:00:00,108.28,11.498609424005464,0,113.64,1,2.0254700384717044,Mobile,1
877,No Prompt,2024-02-06 12:00:00,127.52,31.853048638049984,0,127.44,1,111.0,Mobile,1
878,No Prompt,2024-02-06 13:00:00,106.04,22.35903713249364,0,101.17,0,41.0,Tablet,1
879,Show Prompt,2024-02-06 14:00:00,70.77,33.7890686378276,1,78.18,0,130.0,Desktop,1
880,Show Prompt,2024-02-06 15:00:00,122.42,44.43247518467973,0,114.29,0,126.0,Mobile,0
881,Show Prompt,2024-02-06 16:00:00,138.39,1.0,0,141.6,0,86.0,Mobile,1
882,No Prompt,2024-02-06 17:00:00,181.7,46.14026089620587,0,188.56,1,4.535911776295789,Desktop,0
883,Show Prompt,2024-02-06 18:00:00,133.98,13.52313389634946,0,138.25,1,118.3450138870836,Mobile,1
884,Show Prompt,2024-02-06 19:00:00,158.13,39.4150356922298,0,153.78,1,103.0,Mobile,0
885,No Prompt,2024-02-06 20:00:00,49.03,70.97958707335019,0,46.84,0,122.0,Mobile,1
886,Show Prompt,2024-02-06 21:00:00,107.83,12.08589148704855,1,115.97,1,1.6546093272022373,Mobile,0
887,No Prompt,2024-02-06 22:00:00,16.58,38.01069306119384,0,17.41,1,32.0,Desktop,0
888,Show Prompt,2024-02-06 23:00:00,53.45,28.46244184491396,0,48.9,1,80.68978219573883,Mobile,0
889,Show Prompt,2024-02-07 00:00:00,146.57,20.14635816803243,0,162.29,1,2.1681087735753457,Desktop,1
890,Show Prompt,2024-02-07 01:00:00,197.2,26.56593579929204,1,239.02,1,31.0,Mobile,1
891,No Prompt,2024-02-07 02:00:00,44.36,71.85625811018105,0,26.87,1,32.0,Desktop,0
892,No Prompt,2024-02-07 03:00:00,79.49,90.14121633205508,0,84.04,1,139.0,Tablet,1
893,No Prompt,2024-02-07 04:00:00,164.27,23.85493003222693,0,176.12,1,3.3092186544044746,Desktop,1
894,Show Prompt,2024-02-07 05:00:00,49.2,55.20010428006188,1,74.16,0,76.0,Desktop,1
895,No Prompt,2024-02-07 06:00:00,120.66,3.3309850386797635,0,119.78,1,79.34495249247651,Desktop,0
896,Show Prompt,2024-02-07 07:00:00,147.14,27.210134612862326,0,154.24,1,137.0,Mobile,1
897,Show Prompt,2024-02-07 08:00:00,124.75,65.0062935964862,0,128.28,1,263.52231611313084,Desktop,0
898,No Prompt,2024-02-07 09:00:00,46.64,44.54753397815396,0,48.89,0,147.0,Desktop,1
899,Show Prompt,2024-02-07 10:00:00,77.28,67.80240106001955,0,73.34,1,72.62080397616495,Mobile,1
900,Show Prompt,2024-02-07 11:00:00,157.49,57.21961331157518,0,152.36,0,29.586253471770902,Mobile,1
901,Show Prompt,2024-02-07 12:00:00,110.01,1.0,0,107.71,1,186.93132875346163,Desktop,1
902,Show Prompt,2024-02-07 13:00:00,6.81,33.046927255946166,0,4.34,0,24.0,Desktop,0
903,Show Prompt,2024-02-07 14:00:00,162.15,30.024213923305624,0,155.04,0,0.8558324106218469,Mobile,0
904,No Prompt,2024-02-07 15:00:00,13.31,24.62664319216301,0,9.04,1,4.136523318005594,Mobile,0
905,Show Prompt,2024-02-07 16:00:00,153.27,60.83166576571368,0,149.13,1,90.0,Desktop,0
906,No Prompt,2024-02-07 17:00:00,51.09,51.02784950342569,0,56.17,1,3.87977359481904,Mobile,0
907,No Prompt,2024-02-07 18:00:00,185.18,54.96720391852131,0,190.86,1,211.13826341218325,Desktop,1
908,Show Prompt,2024-02-07 19:00:00,79.35,55.62439571718052,1,93.56,1,168.10371290778923,Desktop,1
909,Show Prompt,2024-02-07 20:00:00,65.11,63.38514355680616,0,75.7,1,135.0,Desktop,0
910,Show Prompt,2024-02-07 21:00:00,34.72,20.61034508999397,1,74.79,1,115.65535448055898,Mobile,0
911,No Prompt,2024-02-07 22:00:00,64.98,31.74847747374949,0,68.49,1,50.0,Desktop,0
912,Show Prompt,2024-02-07 23:00:00,163.58,20.21745820403792,1,208.35,1,2.681608219948454,Desktop,0
913,No Prompt,2024-02-08 00:00:00,192.59,40.172540795976985,0,199.55,1,2.567497231865541,Desktop,0
914,Show Prompt,2024-02-08 01:00:00,74.94,78.63000098233528,0,70.83,1,85.0,Mobile,1
915,No Prompt,2024-02-08 02:00:00,99.58,39.34077848710628,0,94.68,1,89.0,Mobile,0
916,Show Prompt,2024-02-08 03:00:00,149.12,82.57591726255401,0,140.03,1,60.0,Tablet,1
917,Show Prompt,2024-02-08 04:00:00,181.65,40.7819556502098,1,205.1,1,179.0,Mobile,0
918,No Prompt,2024-02-08 05:00:00,117.97,64.42744821225483,0,129.68,0,103.81182149911214,Mobile,1
919,No Prompt,2024-02-08 06:00:00,72.85,53.29914003787172,0,96.54,1,231.310708961118,Mobile,1
920,Show Prompt,2024-02-08 07:00:00,88.99,67.92871354617837,0,84.33,1,159.0,Desktop,1
921,No Prompt,2024-02-08 08:00:00,136.27,59.01549187749561,0,134.17,1,58.0,Mobile,1
922,Show Prompt,2024-02-08 09:00:00,10.95,18.44520667869892,0,19.52,0,164.0,Mobile,1
923,No Prompt,2024-02-08 10:00:00,125.1,70.96427270083755,0,119.74,0,86.06910100878808,Mobile,1
924,No Prompt,2024-02-08 11:00:00,78.0,46.96117133723065,0,76.53,0,4.507384029275061,Desktop,1
925,Show Prompt,2024-02-08 12:00:00,161.16,88.77690411921185,0,164.94,1,119.68984359034592,Mobile,0
926,Show Prompt,2024-02-08 13:00:00,17.7,59.25814011386932,0,35.69,1,4.1079955709848655,Mobile,0
927,Show Prompt,2024-02-08 14:00:00,120.27,21.64555039676818,0,132.9,1,170.0,Mobile,0
928,No Prompt,2024-02-08 15:00:00,98.74,33.079201302217,0,112.12,1,147.9312673588545,Desktop,1
929,No Prompt,2024-02-08 16:00:00,131.73,56.33138821815719,0,131.33,0,2.538969484844813,Mobile,0
930,Show Prompt,2024-02-08 17:00:00,24.6,4.089033321658583,0,24.34,1,149.0,Mobile,1
931,Show Prompt,2024-02-08 18:00:00,119.87,53.79805014983074,1,154.59,1,103.0,Mobile,1
932,No Prompt,2024-02-08 19:00:00,118.8,15.01553288269901,0,126.56,1,108.0,Tablet,0
933,No Prompt,2024-02-08 20:00:00,115.73,17.015498056650404,0,109.64,0,2.7957192080313664,Desktop,0
934,No Prompt,2024-02-08 21:00:00,131.25,64.93867402984216,0,127.09,1,3.765662606736128,Tablet,1
936,Show Prompt,2024-02-08 23:00:00,157.67,62.50102299792307,0,158.58,1,2.596024978886269,Mobile,1
937,Show Prompt,2024-02-09 00:00:00,59.15,65.69372559886409,0,57.33,1,68.0,Desktop,0
939,Show Prompt,2024-02-09 02:00:00,108.64,34.43725814221877,0,111.08,0,52.0,Mobile,0
940,No Prompt,2024-02-09 03:00:00,29.18,9.793124393845204,0,28.37,1,55.13801783375487,Mobile,1
941,Show Prompt,2024-02-09 04:00:00,22.72,34.96235528957104,1,65.0,1,178.86235053388774,Mobile,0
942,No Prompt,2024-02-09 05:00:00,81.41,52.86591140545305,0,66.68,1,204.4141148958717,Desktop,0
943,No Prompt,2024-02-09 06:00:00,163.83,64.95391049661846,0,159.96,1,37.0,Mobile,0
944,No Prompt,2024-02-09 07:00:00,149.04,54.173308343292405,0,143.17,0,137.0,Desktop,0
946,Show Prompt,2024-02-09 09:00:00,106.39,22.04600896497004,1,156.1,1,56.0,Mobile,1
947,Show Prompt,2024-02-09 10:00:00,98.53,53.95316565266285,0,92.32,0,83.0,Desktop,0
948,No Prompt,2024-02-09 11:00:00,29.19,27.78711276102812,0,44.59,1,157.0,Desktop,0
949,No Prompt,2024-02-09 12:00:00,61.28,54.539485384436006,0,71.77,1,98.0,Desktop,0
950,No Prompt,2024-02-09 13:00:00,82.41,32.23919422570915,0,98.45,1,142.0,Mobile,1
951,No Prompt,2024-02-09 14:00:00,14.93,47.59136623525126,0,28.23,1,63.0,Mobile,1
952,No Prompt,2024-02-09 15:00:00,56.65,14.981288178692,0,53.44,1,101.0,Desktop,0
953,Show Prompt,2024-02-09 16:00:00,121.39,37.60163640041283,0,123.93,1,142.55194854580526,Desktop,1
954,No Prompt,2024-02-09 17:00:00,144.3,1.0,0,148.14,1,35.0,Mobile,1
955,Show Prompt,2024-02-09 18:00:00,201.24,28.165231316510848,1,221.29,1,2.0825255325131606,Tablet,1
956,Show Prompt,2024-02-09 19:00:00,188.02,41.8839374987838,1,233.21,1,121.0,Desktop,1
958,Show Prompt,2024-02-09 21:00:00,218.56,1.0,0,91.83,0,4.99235572862744,Desktop,1
959,Show Prompt,2024-02-09 22:00:00,124.38,43.085856897072986,0,128.16,1,55.89867311490654,Desktop,0
960,No Prompt,2024-02-09 23:00:00,164.03,26.92343237743861,0,158.46,1,113.0,Mobile,1
961,Show Prompt,2024-02-10 00:00:00,30.31,1.0,0,34.47,0,4.564439523316517,Mobile,0
962,No Prompt,2024-02-10 01:00:00,81.72,18.81759412554816,0,90.0,1,78.0,Desktop,0
963,Show Prompt,2024-02-10 02:00:00,173.46,20.987924625544068,0,167.97,1,88.0,Mobile,0
964,Show Prompt,2024-02-10 03:00:00,75.32,23.26133997134292,0,84.83,1,138.0,Mobile,1
965,Show Prompt,2024-02-10 04:00:00,109.02,1.0,0,119.73,1,149.27609706211683,Mobile,0
966,Show Prompt,2024-02-10 05:00:00,122.18,34.359080428822324,0,112.7,1,170.35786092161993,Mobile,0
967,No Prompt,2024-02-10 06:00:00,53.43,30.543460548609083,0,42.09,1,167.0,Desktop,0
968,Show Prompt,2024-02-10 07:00:00,73.47,49.57970893544883,1,107.82,0,57.82767724027949,Desktop,0
969,No Prompt,2024-02-10 08:00:00,66.36,35.95709407757016,0,74.62,0,110.0,Mobile,0
970,Show Prompt,2024-02-10 09:00:00,12.83,9.14589463450708,0,12.07,0,113.0,Mobile,1
971,No Prompt,2024-02-10 10:00:00,9.42,23.393317910381413,0,14.79,1,103.55188715119816,Desktop,1
972,No Prompt,2024-02-10 11:00:00,170.07,33.80678917007782,0,176.21,1,174.0,Desktop,0
973,No Prompt,2024-02-10 12:00:00,60.6,64.96500735561771,0,73.58,1,173.0,Tablet,1
974,Show Prompt,2024-02-10 13:00:00,109.44,56.26562524756042,0,98.68,1,147.0,Mobile,1
975,Show Prompt,2024-02-10 14:00:00,59.51,32.08534063397165,0,61.26,0,34.965572284820155,Mobile,0
976,Show Prompt,2024-02-10 15:00:00,189.9,36.19536559541634,1,219.06,1,66.0,Mobile,1
977,No Prompt,2024-02-10 16:00:00,66.21,8.14283730186521,0,58.1,1,72.0,Tablet,1
978,Show Prompt,2024-02-10 17:00:00,85.36,17.66248446293056,1,111.98,1,57.0,Desktop,0
979,Show Prompt,2024-02-10 18:00:00,175.32,54.35571871703445,0,168.51,0,96.8277386348866,Desktop,0
980,No Prompt,2024-02-10 19:00:00,165.24,44.11322990008173,0,166.79,0,162.0,Mobile,1
981,Show Prompt,2024-02-10 20:00:00,52.91,44.69548859796852,1,96.07,1,173.0,Desktop,1
982,No Prompt,2024-02-10 21:00:00,166.17,69.86365246353816,0,153.45,0,90.10359011857504,Desktop,0
983,Show Prompt,2024-02-10 22:00:00,94.45,28.28216843321757,0,93.3,1,114.0,Mobile,0
984,Show Prompt,2024-02-10 23:00:00,102.98,4.245440966443127,0,110.19,1,4.735606005440887,Mobile,0
985,No Prompt,2024-02-11 00:00:00,29.46,48.074194260592485,0,37.8,0,4.450328535233604,Mobile,1
986,Show Prompt,2024-02-11 01:00:00,26.6,82.29745056430465,0,27.32,1,2.367803002720444,Mobile,0
987,No Prompt,2024-02-11 02:00:00,150.56,36.81578341731007,0,151.87,0,3.1951076663215616,Mobile,0
988,Show Prompt,2024-02-11 03:00:00,104.21,12.30269728530179,1,135.32,1,144.0,Mobile,1
989,Show Prompt,2024-02-11 04:00:00,87.28,24.524387005272445,1,141.75,1,58.0,Mobile,0
990,No Prompt,2024-02-11 05:00:00,155.5,19.62738913889008,0,149.18,0,23.0,Mobile,0
991,No Prompt,2024-02-11 06:00:00,154.0,43.74553858398005,0,156.57,1,4.136523318005594,Mobile,0
992,No Prompt,2024-02-11 07:00:00,49.05,37.23335945011312,0,51.75,0,0.627610434456021,Desktop,1
993,Show Prompt,2024-02-11 08:00:00,120.72,92.4012228657644,0,133.79,0,83.0,Mobile,0
994,No Prompt,2024-02-11 09:00:00,31.22,35.99712686136807,0,39.75,1,48.0,Desktop,1
995,Show Prompt,2024-02-11 10:00:00,148.35,78.7979422083717,0,153.5,1,135.0,Mobile,0
996,Show Prompt,2024-02-11 11:00:00,138.76,51.63488248760464,0,136.71,1,40.34489109786941,Desktop,0
998,Show Prompt,2024-02-11 13:00:00,18.09,23.14445584964517,1,51.13,1,121.0,Desktop,0
999,No Prompt,2024-02-11 14:00:00,19.84,34.53113804243503,0,14.22,1,234.0003683676426,Mobile,1
1000,Show Prompt,2024-02-11 15:00:00,57.47,12.358922822112664,0,63.41,1,40.0,Desktop,0
